-- phpMyAdmin SQL Dump
-- version 4.7.4
-- https://www.phpmyadmin.net/
--
-- Host: 127.0.0.1
-- Generation Time: Jun 20, 2018 at 04:45 PM
-- Server version: 10.1.28-MariaDB
-- PHP Version: 7.1.11

SET SQL_MODE = "NO_AUTO_VALUE_ON_ZERO";
SET AUTOCOMMIT = 0;
START TRANSACTION;
SET time_zone = "+00:00";


/*!40101 SET @OLD_CHARACTER_SET_CLIENT=@@CHARACTER_SET_CLIENT */;
/*!40101 SET @OLD_CHARACTER_SET_RESULTS=@@CHARACTER_SET_RESULTS */;
/*!40101 SET @OLD_COLLATION_CONNECTION=@@COLLATION_CONNECTION */;
/*!40101 SET NAMES utf8mb4 */;

--
-- Database: `eapi`
--

-- --------------------------------------------------------

--
-- Table structure for table `migrations`
--

CREATE TABLE `migrations` (
  `id` int(10) UNSIGNED NOT NULL,
  `migration` varchar(191) COLLATE utf8mb4_unicode_ci NOT NULL,
  `batch` int(11) NOT NULL
) ENGINE=InnoDB DEFAULT CHARSET=utf8mb4 COLLATE=utf8mb4_unicode_ci;

--
-- Dumping data for table `migrations`
--

INSERT INTO `migrations` (`id`, `migration`, `batch`) VALUES
(1, '2014_10_12_000000_create_users_table', 1),
(2, '2014_10_12_100000_create_password_resets_table', 1),
(3, '2018_06_18_121332_create_products_table', 1),
(4, '2018_06_18_121407_create_reviews_table', 1),
(5, '2016_06_01_000001_create_oauth_auth_codes_table', 2),
(6, '2016_06_01_000002_create_oauth_access_tokens_table', 2),
(7, '2016_06_01_000003_create_oauth_refresh_tokens_table', 2),
(8, '2016_06_01_000004_create_oauth_clients_table', 2),
(9, '2016_06_01_000005_create_oauth_personal_access_clients_table', 2);

-- --------------------------------------------------------

--
-- Table structure for table `oauth_access_tokens`
--

CREATE TABLE `oauth_access_tokens` (
  `id` varchar(100) COLLATE utf8mb4_unicode_ci NOT NULL,
  `user_id` int(11) DEFAULT NULL,
  `client_id` int(11) NOT NULL,
  `name` varchar(191) COLLATE utf8mb4_unicode_ci DEFAULT NULL,
  `scopes` text COLLATE utf8mb4_unicode_ci,
  `revoked` tinyint(1) NOT NULL,
  `created_at` timestamp NULL DEFAULT NULL,
  `updated_at` timestamp NULL DEFAULT NULL,
  `expires_at` datetime DEFAULT NULL
) ENGINE=InnoDB DEFAULT CHARSET=utf8mb4 COLLATE=utf8mb4_unicode_ci;

--
-- Dumping data for table `oauth_access_tokens`
--

INSERT INTO `oauth_access_tokens` (`id`, `user_id`, `client_id`, `name`, `scopes`, `revoked`, `created_at`, `updated_at`, `expires_at`) VALUES
('5f567adaf58825599460051a73e5fb736c1c69e0fa170591d34f798e5ca77d795f5ac08395088cca', 1, 2, NULL, '[]', 0, '2018-06-20 06:31:29', '2018-06-20 06:31:29', '2019-06-20 13:31:29');

-- --------------------------------------------------------

--
-- Table structure for table `oauth_auth_codes`
--

CREATE TABLE `oauth_auth_codes` (
  `id` varchar(100) COLLATE utf8mb4_unicode_ci NOT NULL,
  `user_id` int(11) NOT NULL,
  `client_id` int(11) NOT NULL,
  `scopes` text COLLATE utf8mb4_unicode_ci,
  `revoked` tinyint(1) NOT NULL,
  `expires_at` datetime DEFAULT NULL
) ENGINE=InnoDB DEFAULT CHARSET=utf8mb4 COLLATE=utf8mb4_unicode_ci;

-- --------------------------------------------------------

--
-- Table structure for table `oauth_clients`
--

CREATE TABLE `oauth_clients` (
  `id` int(10) UNSIGNED NOT NULL,
  `user_id` int(11) DEFAULT NULL,
  `name` varchar(191) COLLATE utf8mb4_unicode_ci NOT NULL,
  `secret` varchar(100) COLLATE utf8mb4_unicode_ci NOT NULL,
  `redirect` text COLLATE utf8mb4_unicode_ci NOT NULL,
  `personal_access_client` tinyint(1) NOT NULL,
  `password_client` tinyint(1) NOT NULL,
  `revoked` tinyint(1) NOT NULL,
  `created_at` timestamp NULL DEFAULT NULL,
  `updated_at` timestamp NULL DEFAULT NULL
) ENGINE=InnoDB DEFAULT CHARSET=utf8mb4 COLLATE=utf8mb4_unicode_ci;

--
-- Dumping data for table `oauth_clients`
--

INSERT INTO `oauth_clients` (`id`, `user_id`, `name`, `secret`, `redirect`, `personal_access_client`, `password_client`, `revoked`, `created_at`, `updated_at`) VALUES
(1, NULL, 'Laravel Personal Access Client', 'lKx8CeG9GJ7lwaNRwbt2QUeKAP9cEZPozmVZmJEX', 'http://localhost', 1, 0, 0, '2018-06-20 06:25:08', '2018-06-20 06:25:08'),
(2, NULL, 'Laravel Password Grant Client', 'zvumxaLfDVGfGrf8MaIKbB1vYYIPi1YSM2Zaj08x', 'http://localhost', 0, 1, 0, '2018-06-20 06:25:08', '2018-06-20 06:25:08');

-- --------------------------------------------------------

--
-- Table structure for table `oauth_personal_access_clients`
--

CREATE TABLE `oauth_personal_access_clients` (
  `id` int(10) UNSIGNED NOT NULL,
  `client_id` int(11) NOT NULL,
  `created_at` timestamp NULL DEFAULT NULL,
  `updated_at` timestamp NULL DEFAULT NULL
) ENGINE=InnoDB DEFAULT CHARSET=utf8mb4 COLLATE=utf8mb4_unicode_ci;

--
-- Dumping data for table `oauth_personal_access_clients`
--

INSERT INTO `oauth_personal_access_clients` (`id`, `client_id`, `created_at`, `updated_at`) VALUES
(1, 1, '2018-06-20 06:25:08', '2018-06-20 06:25:08');

-- --------------------------------------------------------

--
-- Table structure for table `oauth_refresh_tokens`
--

CREATE TABLE `oauth_refresh_tokens` (
  `id` varchar(100) COLLATE utf8mb4_unicode_ci NOT NULL,
  `access_token_id` varchar(100) COLLATE utf8mb4_unicode_ci NOT NULL,
  `revoked` tinyint(1) NOT NULL,
  `expires_at` datetime DEFAULT NULL
) ENGINE=InnoDB DEFAULT CHARSET=utf8mb4 COLLATE=utf8mb4_unicode_ci;

--
-- Dumping data for table `oauth_refresh_tokens`
--

INSERT INTO `oauth_refresh_tokens` (`id`, `access_token_id`, `revoked`, `expires_at`) VALUES
('c7047d372bd9f9bca175205d753592eaa615ff8a5b33d6206a41b3bd985f7f10f9c6babf00b179fa', '5f567adaf58825599460051a73e5fb736c1c69e0fa170591d34f798e5ca77d795f5ac08395088cca', 0, '2019-06-20 13:31:29');

-- --------------------------------------------------------

--
-- Table structure for table `password_resets`
--

CREATE TABLE `password_resets` (
  `email` varchar(191) COLLATE utf8mb4_unicode_ci NOT NULL,
  `token` varchar(191) COLLATE utf8mb4_unicode_ci NOT NULL,
  `created_at` timestamp NULL DEFAULT NULL
) ENGINE=InnoDB DEFAULT CHARSET=utf8mb4 COLLATE=utf8mb4_unicode_ci;

-- --------------------------------------------------------

--
-- Table structure for table `products`
--

CREATE TABLE `products` (
  `id` int(10) UNSIGNED NOT NULL,
  `name` varchar(191) COLLATE utf8mb4_unicode_ci NOT NULL,
  `detail` text COLLATE utf8mb4_unicode_ci NOT NULL,
  `price` int(11) NOT NULL,
  `stock` int(11) NOT NULL,
  `discount` int(11) NOT NULL,
  `created_at` timestamp NULL DEFAULT NULL,
  `updated_at` timestamp NULL DEFAULT NULL
) ENGINE=InnoDB DEFAULT CHARSET=utf8mb4 COLLATE=utf8mb4_unicode_ci;

--
-- Dumping data for table `products`
--

INSERT INTO `products` (`id`, `name`, `detail`, `price`, `stock`, `discount`, `created_at`, `updated_at`) VALUES
(1, 'quibusdam', 'Ut nam maiores porro excepturi. Qui est aut quis animi quam vel labore. Rem voluptatem eaque sequi totam quia recusandae et. Minus et minus maxime quae.', 794, 7, 4, '2018-06-18 06:15:24', '2018-06-18 06:15:24'),
(2, 'perferendis', 'Vitae quod itaque quia. Velit pariatur totam et sint ut reprehenderit error. Quam maxime hic vel consequatur itaque omnis perferendis. Qui non quidem dolores molestiae harum qui.', 976, 0, 17, '2018-06-18 06:15:24', '2018-06-18 06:15:24'),
(3, 'enim', 'Voluptas doloribus illum et iure necessitatibus. Saepe architecto ducimus ipsum atque rem dolore voluptatem. Quos minus nam ad cumque doloribus quam.', 987, 1, 21, '2018-06-18 06:15:24', '2018-06-18 06:15:24'),
(4, 'ut', 'Dignissimos et dolor sed qui. Ad quo suscipit dolor qui assumenda consequatur odio. In perferendis ducimus quidem illo fugit excepturi.', 618, 0, 26, '2018-06-18 06:15:24', '2018-06-18 06:15:24'),
(5, 'qui', 'Asperiores cum nobis quia neque sit ut. Veniam qui eveniet mollitia libero ut. Temporibus deleniti commodi aut et nisi adipisci. Dolores in aliquid aut dolores occaecati. Ut consequatur sit provident vel.', 388, 7, 23, '2018-06-18 06:15:24', '2018-06-18 06:15:24'),
(6, 'corrupti', 'Sunt dolor velit ut et non mollitia et quis. Consequatur veritatis inventore quia velit modi dolorem. Culpa quo molestiae minima itaque. Natus voluptatem est dolor quia in beatae non architecto.', 754, 2, 14, '2018-06-18 06:15:24', '2018-06-18 06:15:24'),
(7, 'ex', 'Sint non nisi blanditiis eaque nam quos facilis. Non ut fugit voluptatem velit. Rerum vel esse alias. Et consequatur non aut inventore omnis. Dolorem eligendi magnam ut adipisci quo.', 362, 9, 22, '2018-06-18 06:15:24', '2018-06-18 06:15:24'),
(8, 'officia', 'Perspiciatis molestiae accusamus perspiciatis inventore ullam quam ut. Voluptate itaque velit aliquid impedit laboriosam aut omnis.', 212, 9, 16, '2018-06-18 06:15:24', '2018-06-18 06:15:24'),
(9, 'quia', 'Vero quaerat officia nisi consequatur repellendus. Reiciendis odio ducimus quo eos asperiores. Sunt odio nostrum omnis sit qui vero voluptas. Atque voluptatem voluptas ut autem.', 314, 8, 6, '2018-06-18 06:15:24', '2018-06-18 06:15:24'),
(10, 'optio', 'Reiciendis assumenda harum dolore dicta dolorem. Quos nam enim similique sunt dignissimos officia. Hic ut qui illum accusantium.', 181, 6, 3, '2018-06-18 06:15:24', '2018-06-18 06:15:24'),
(11, 'unde', 'Unde quis aut aut. Dolor blanditiis aperiam magni dolorum.', 663, 6, 29, '2018-06-18 06:15:24', '2018-06-18 06:15:24'),
(12, 'eum', 'Quas sapiente eos quis laborum non accusantium molestiae voluptas. A voluptatem qui dignissimos pariatur ut. Reiciendis eos omnis eveniet porro natus.', 414, 6, 3, '2018-06-18 06:15:24', '2018-06-18 06:15:24'),
(13, 'iste', 'Aut dicta temporibus sequi sed consequuntur voluptates hic. Odit suscipit placeat soluta iste voluptate voluptates. Ducimus officiis et beatae neque reiciendis libero non. Id accusamus hic ad aut iste. Numquam et quo non deleniti.', 170, 1, 30, '2018-06-18 06:15:24', '2018-06-18 06:15:24'),
(14, 'soluta', 'Fugiat saepe dolore minima blanditiis voluptatem. Et et architecto possimus rem omnis ratione similique culpa.', 729, 8, 30, '2018-06-18 06:15:24', '2018-06-18 06:15:24'),
(15, 'et', 'Accusamus consequuntur nam ullam molestiae autem. Omnis quis rerum sint dignissimos. Molestiae eaque et ut reiciendis.', 808, 5, 12, '2018-06-18 06:15:24', '2018-06-18 06:15:24'),
(16, 'delectus', 'Sapiente repudiandae fugiat quo repellat sit repellat. Ex asperiores maiores veniam aliquam temporibus. Mollitia vel est asperiores molestiae occaecati voluptas sed. Quis incidunt id laboriosam recusandae quis voluptatem.', 892, 6, 17, '2018-06-18 06:15:24', '2018-06-18 06:15:24'),
(17, 'aut', 'Incidunt iste iure et ipsam quis omnis. Quisquam ipsum non ut cumque. Unde adipisci reprehenderit odit velit dolores voluptatem fugiat. Autem rerum omnis totam quis non quidem.', 634, 0, 3, '2018-06-18 06:15:24', '2018-06-18 06:15:24'),
(18, 'eum', 'Omnis debitis est corrupti maiores. Et voluptate sit quam alias. Ut dolor perferendis est id excepturi corporis.', 363, 4, 9, '2018-06-18 06:15:24', '2018-06-18 06:15:24'),
(19, 'sapiente', 'Qui eligendi libero qui quia sit minima dolor. Nihil est asperiores optio laboriosam aperiam facere eligendi. Temporibus non cumque laboriosam iusto deleniti et sed.', 306, 3, 16, '2018-06-18 06:15:24', '2018-06-18 06:15:24'),
(20, 'fuga', 'Odit est alias ut tempore non in quaerat. Nostrum rerum quae dolores quia repellat id. Necessitatibus odio velit quisquam veniam.', 867, 0, 9, '2018-06-18 06:15:24', '2018-06-18 06:15:24'),
(21, 'ut', 'Et aut magnam omnis. Deleniti vel quis dolores voluptatibus aut blanditiis tempora. Hic est omnis quisquam.', 382, 5, 19, '2018-06-18 06:15:24', '2018-06-18 06:15:24'),
(22, 'voluptatem', 'At enim beatae voluptatem porro. Dolorum facere amet ipsa dolor doloremque aut. Magnam natus quibusdam ipsam neque molestiae.', 341, 0, 30, '2018-06-18 06:15:24', '2018-06-18 06:15:24'),
(23, 'aut', 'Consequuntur aliquid consequatur aut vitae modi repudiandae. Aliquid eos doloremque animi. Temporibus et facere tempora molestias. Dolorem blanditiis reprehenderit neque iure officia officia repellat. Sunt et est ipsam.', 470, 2, 24, '2018-06-18 06:15:24', '2018-06-18 06:15:24'),
(24, 'quia', 'Ullam libero molestias magnam maiores corporis. In ad et nesciunt non architecto sunt. Molestiae dolores necessitatibus quisquam quis molestiae expedita quisquam. Voluptatem sint molestias assumenda laudantium.', 210, 3, 29, '2018-06-18 06:15:24', '2018-06-18 06:15:24'),
(25, 'culpa', 'Est fugit sit sapiente tempore ea qui. Earum voluptatem similique praesentium non voluptate voluptatem. Nesciunt ex consequuntur fugiat omnis dolor. Vitae suscipit nihil repellendus eum officiis. Minima tempora laudantium ut voluptatem expedita.', 271, 0, 23, '2018-06-18 06:15:24', '2018-06-18 06:15:24'),
(26, 'minima', 'Eaque perspiciatis voluptatum non mollitia expedita minus modi iusto. Id impedit quia magni sunt iste autem.', 344, 5, 10, '2018-06-18 06:15:24', '2018-06-18 06:15:24'),
(27, 'optio', 'Occaecati harum sit facere ea nemo possimus voluptas et. Minima ipsum corporis possimus. Et labore veritatis totam veritatis dolores dolorem odit. Quod laboriosam repellat est.', 170, 3, 11, '2018-06-18 06:15:24', '2018-06-18 06:15:24'),
(28, 'voluptatem', 'Voluptatem rerum rerum aperiam. A qui consequatur deserunt nobis excepturi quibusdam. Quia rerum nam reprehenderit deserunt. Laborum iste ad eaque similique voluptatibus perferendis. Atque autem qui voluptatem sint fugit dolorem sequi omnis.', 650, 1, 19, '2018-06-18 06:15:24', '2018-06-18 06:15:24'),
(29, 'aut', 'Ipsum ea eos ut vel labore aliquam id. Ut iure possimus et aliquam. Accusantium expedita aliquid itaque culpa reiciendis ullam pariatur. Sequi et qui iusto sint ipsa et.', 694, 9, 21, '2018-06-18 06:15:24', '2018-06-18 06:15:24'),
(30, 'reiciendis', 'Alias id tempore quisquam et tempora voluptates voluptatibus. Molestiae et placeat sed suscipit aut. Id quam est quas ut eaque mollitia. Non voluptates est quia tempore eum quia.', 454, 7, 8, '2018-06-18 06:15:24', '2018-06-18 06:15:24'),
(31, 'cumque', 'Voluptates voluptas voluptatibus eveniet tempora libero. Porro rerum veniam qui sint. Aut facilis voluptas sit beatae est consequatur iste eius. Culpa quia dolores consequatur unde et.', 914, 2, 15, '2018-06-18 06:15:24', '2018-06-18 06:15:24'),
(32, 'accusamus', 'Cumque sunt sunt molestiae. Eum maxime odio et commodi mollitia omnis. Quo quidem est nostrum iusto natus cupiditate. Aperiam aut est repudiandae.', 632, 5, 20, '2018-06-18 06:15:24', '2018-06-18 06:15:24'),
(33, 'assumenda', 'Nihil reprehenderit provident perspiciatis quam natus. Asperiores voluptates reprehenderit et earum. Iusto sit omnis maiores autem aspernatur. Nihil enim velit inventore sunt molestiae.', 918, 7, 7, '2018-06-18 06:15:24', '2018-06-18 06:15:24'),
(34, 'amet', 'Consequatur omnis sequi officia sed. Cumque id quidem nesciunt et et. Hic quas rerum est ut beatae non quia.', 717, 4, 12, '2018-06-18 06:15:24', '2018-06-18 06:15:24'),
(35, 'aut', 'Totam quia aut voluptate ex ut quia commodi. Et in alias rerum delectus. Officiis dolores consequatur et architecto. Sequi a aut nihil voluptatem optio nisi.', 977, 0, 10, '2018-06-18 06:15:24', '2018-06-18 06:15:24'),
(36, 'cupiditate', 'Est quaerat molestias alias ad et. Molestiae itaque qui architecto. Facere itaque ut saepe molestias ut. Voluptatibus consequatur sed quibusdam molestias eaque eum accusantium.', 619, 5, 13, '2018-06-18 06:15:24', '2018-06-18 06:15:24'),
(37, 'eum', 'Magni quia quis et non consequuntur rerum. Aliquid odit dolorem dignissimos eveniet vitae reiciendis. In aut tempora impedit quia. Perspiciatis nisi laudantium dolor quo voluptatum amet.', 837, 2, 28, '2018-06-18 06:15:25', '2018-06-18 06:15:25'),
(38, 'expedita', 'Saepe iste fugit distinctio eligendi. Fuga eos quas dolor voluptatibus. Fugit quae sed delectus quibusdam. Error totam vitae architecto qui voluptatem quae.', 324, 6, 22, '2018-06-18 06:15:25', '2018-06-18 06:15:25'),
(39, 'est', 'Qui dolorem eligendi aspernatur earum aut. Quos maiores ea eveniet est magni pariatur id. Explicabo cupiditate facilis accusantium et quo. Alias perferendis saepe tenetur iure.', 749, 8, 11, '2018-06-18 06:15:25', '2018-06-18 06:15:25'),
(40, 'nobis', 'Distinctio quam aut praesentium velit soluta. Aperiam autem voluptatum qui sequi. Possimus eius autem et omnis voluptas voluptatem. Praesentium accusantium qui sit sit ipsum esse rem.', 692, 2, 6, '2018-06-18 06:15:25', '2018-06-18 06:15:25'),
(41, 'eos', 'Enim est dolores nisi ut eveniet provident. Velit ipsam tempora ipsum unde consequatur. Veniam optio qui libero modi iure.', 286, 5, 24, '2018-06-18 06:15:25', '2018-06-18 06:15:25'),
(42, 'a', 'Facilis consequatur explicabo et rem animi qui. Perspiciatis inventore eaque ex. Ipsam sunt sunt possimus. Cum corporis hic omnis.', 621, 5, 3, '2018-06-18 06:15:25', '2018-06-18 06:15:25'),
(43, 'enim', 'Voluptas ad accusantium cum suscipit. Quia ab sed alias distinctio in. Vitae necessitatibus facilis amet corrupti voluptatibus. Eos occaecati distinctio cum cum laborum illum.', 571, 0, 27, '2018-06-18 06:15:25', '2018-06-18 06:15:25'),
(44, 'alias', 'Nemo architecto veritatis eum voluptatum sed voluptate suscipit veritatis. Porro labore quisquam eum sequi similique. Quae eum aliquam voluptas libero quaerat. Magni in ipsa animi rerum voluptatibus doloribus.', 540, 5, 23, '2018-06-18 06:15:25', '2018-06-18 06:15:25'),
(45, 'aperiam', 'Sed rerum non amet similique optio eos. Veniam aut aut accusamus minus qui sint ipsum eligendi. Voluptatem eaque sed illum quia.', 135, 4, 22, '2018-06-18 06:15:25', '2018-06-18 06:15:25'),
(46, 'eum', 'Doloribus quasi sed magnam sed. Officia maiores et velit deleniti earum. Ipsum ea nemo amet et tempora aspernatur fugiat velit.', 885, 4, 19, '2018-06-18 06:15:25', '2018-06-18 06:15:25'),
(47, 'et', 'Voluptatem illum ut ratione. Voluptas esse doloribus nam est ipsa nihil nobis quae. Architecto quis quas eveniet. Est sed optio mollitia ipsa ratione possimus molestiae.', 134, 3, 15, '2018-06-18 06:15:25', '2018-06-18 06:15:25'),
(48, 'laudantium', 'Voluptas at autem dolor consequatur consequuntur nesciunt. Molestiae ut dolorem itaque in consectetur id. Alias omnis modi repudiandae dolorem. Nam animi eaque qui tempore numquam officia et recusandae. Incidunt suscipit nisi quis laboriosam amet enim.', 532, 8, 10, '2018-06-18 06:15:25', '2018-06-18 06:15:25'),
(51, 'iPhone X Updated', 'Top Smart Phone Updated', 100, 20, 5, '2018-06-20 06:59:15', '2018-06-20 07:17:07');

-- --------------------------------------------------------

--
-- Table structure for table `reviews`
--

CREATE TABLE `reviews` (
  `id` int(10) UNSIGNED NOT NULL,
  `product_id` int(10) UNSIGNED NOT NULL,
  `customer` varchar(191) COLLATE utf8mb4_unicode_ci NOT NULL,
  `review` text COLLATE utf8mb4_unicode_ci NOT NULL,
  `star` int(11) NOT NULL,
  `created_at` timestamp NULL DEFAULT NULL,
  `updated_at` timestamp NULL DEFAULT NULL
) ENGINE=InnoDB DEFAULT CHARSET=utf8mb4 COLLATE=utf8mb4_unicode_ci;

--
-- Dumping data for table `reviews`
--

INSERT INTO `reviews` (`id`, `product_id`, `customer`, `review`, `star`, `created_at`, `updated_at`) VALUES
(1, 31, 'Gudrun Franecki MD', 'Est modi sunt enim. Eos dolore ipsam quasi. Numquam incidunt minus explicabo facere est. Velit eum est quaerat ipsum.', 1, '2018-06-18 06:18:48', '2018-06-18 06:18:48'),
(2, 20, 'Dr. Evalyn Kling V', 'Libero temporibus atque eligendi tempore corporis aut. Repellendus doloremque voluptatem qui iure et eveniet ullam. Ea nobis temporibus consequatur ipsam saepe.', 2, '2018-06-18 06:18:48', '2018-06-18 06:18:48'),
(3, 36, 'Dr. Laurence Greenfelder', 'Corrupti enim sit ut et sint et pariatur eaque. Labore dolorem et eos aut quae vitae et. Totam minima et sapiente sint molestiae cumque.', 1, '2018-06-18 06:18:48', '2018-06-18 06:18:48'),
(4, 31, 'Carolina Hickle II', 'Incidunt tempora animi et veritatis. Non quis enim qui. Voluptatibus architecto dolore officiis nihil in alias placeat porro. Eligendi nam recusandae doloremque.', 4, '2018-06-18 06:18:48', '2018-06-18 06:18:48'),
(5, 2, 'Javier Sawayn', 'Autem laborum libero repudiandae tempore nihil magnam voluptatem. Explicabo expedita vel nihil asperiores eveniet voluptas. Qui corporis qui modi libero iure. Ducimus saepe illum consectetur voluptas omnis.', 1, '2018-06-18 06:18:48', '2018-06-18 06:18:48'),
(6, 5, 'Dr. Hudson Anderson DDS', 'Laboriosam harum nulla illo doloremque culpa. Est ea quo temporibus sint illum placeat voluptas. Voluptatem quisquam repellat aut quia rerum. Qui officiis et voluptate exercitationem est voluptas. Ut et laboriosam aut a.', 2, '2018-06-18 06:18:48', '2018-06-18 06:18:48'),
(7, 2, 'Price Ledner', 'Quasi et sunt optio magnam blanditiis voluptatem natus. Ducimus facilis aperiam assumenda sit nisi eveniet. Ipsam rerum mollitia qui doloribus rerum in.', 0, '2018-06-18 06:18:48', '2018-06-18 06:18:48'),
(8, 2, 'Duane Schaden', 'Nihil excepturi rerum et autem voluptates. Ea eligendi nostrum vitae et cumque. Delectus commodi ex hic omnis sint numquam id accusantium.', 0, '2018-06-18 06:18:48', '2018-06-18 06:18:48'),
(9, 43, 'Glennie Lindgren', 'Doloremque exercitationem maxime sunt dolores architecto ea. Consectetur ipsam tempore id similique ut unde eius a. Et maiores eligendi dignissimos magni non.', 2, '2018-06-18 06:18:48', '2018-06-18 06:18:48'),
(10, 33, 'Nicolas Hudson', 'Iusto magni et vero sed recusandae unde velit. Impedit commodi quam ut qui. Molestiae voluptatem velit assumenda expedita sapiente quibusdam unde unde. Quos possimus quis eos velit aliquam consequatur nulla.', 2, '2018-06-18 06:18:48', '2018-06-18 06:18:48'),
(11, 14, 'Katarina Konopelski', 'Nihil error ut et in et qui velit. Consequuntur libero voluptate numquam consequuntur assumenda ducimus. Error pariatur cupiditate aut voluptatem libero. Et nam rem incidunt excepturi accusamus suscipit omnis.', 2, '2018-06-18 06:18:48', '2018-06-18 06:18:48'),
(12, 27, 'Elroy Bergstrom', 'Ad quidem consequatur dolorum quia et quo cum. Dolorum doloremque quia neque accusamus. Ut tempore nulla maiores tenetur et blanditiis non vitae. Repellendus veniam officia totam blanditiis molestiae.', 3, '2018-06-18 06:18:48', '2018-06-18 06:18:48'),
(13, 22, 'Destin Hintz', 'Eos nobis tempore totam aut tempore labore. Nobis esse quis voluptatibus hic et maiores dolorem. Eligendi perferendis quas deserunt doloribus unde dolorum. Itaque nihil autem tempora consectetur sunt nostrum.', 0, '2018-06-18 06:18:48', '2018-06-18 06:18:48'),
(14, 37, 'Prof. Louvenia Harvey', 'Voluptas quia omnis incidunt assumenda. Voluptas veritatis quod at sint fugiat tenetur voluptatem saepe. Ut est ut vel tempora voluptatem et aut.', 5, '2018-06-18 06:18:48', '2018-06-18 06:18:48'),
(15, 42, 'Dr. Lacy Koss IV', 'Consequatur distinctio et temporibus omnis consequatur. Est alias ipsa sit quia et id dolor. Recusandae voluptatum tempore dolore velit totam ut. Quos perferendis quia minus commodi aperiam assumenda omnis.', 2, '2018-06-18 06:18:48', '2018-06-18 06:18:48'),
(16, 35, 'Miss Michelle Waelchi I', 'Ea aspernatur et quia nesciunt dolores facilis saepe nisi. Repudiandae rerum qui sint. Ut rerum debitis cum facere.', 1, '2018-06-18 06:18:48', '2018-06-18 06:18:48'),
(18, 25, 'Abbigail Runolfsson', 'Quam voluptatem ipsum eius et atque. Et tenetur quia a a. Natus eaque ex eligendi qui.', 4, '2018-06-18 06:18:48', '2018-06-18 06:18:48'),
(19, 26, 'Kaleb Hahn DVM', 'Voluptatum voluptatibus quis adipisci consectetur soluta delectus. Inventore vitae totam nihil porro. Eius debitis odio repellendus. Exercitationem odio aspernatur enim in debitis voluptatem. Qui qui culpa ut est.', 2, '2018-06-18 06:18:48', '2018-06-18 06:18:48'),
(20, 45, 'Eddie Baumbach', 'Et et voluptas quia dolorem pariatur. Voluptas non est qui magnam et illo. Consectetur asperiores voluptatem accusamus iusto totam qui.', 2, '2018-06-18 06:18:48', '2018-06-18 06:18:48'),
(21, 12, 'Mrs. Fiona Dickinson', 'Pariatur numquam aut fuga reiciendis similique assumenda. Occaecati dolores quasi quidem suscipit quam est nemo et. Aut consectetur et incidunt impedit non. Eum laudantium est placeat quisquam quia et. Nobis odio ipsum sit omnis sit error.', 2, '2018-06-18 06:18:48', '2018-06-18 06:18:48'),
(22, 37, 'Clifford Lueilwitz', 'Sed laboriosam dolor deleniti officiis officiis culpa. Tenetur dignissimos voluptas laborum quaerat placeat. Veritatis et et ipsa velit. Cupiditate beatae recusandae voluptatem quis.', 4, '2018-06-18 06:18:48', '2018-06-18 06:18:48'),
(23, 42, 'Desiree Mertz I', 'Non autem enim quia voluptatem. Consequuntur doloribus dolorum ex voluptate sint voluptates velit hic. Voluptas qui et dolor nostrum sit dolore voluptas. Eaque id ullam sapiente sapiente voluptatem ratione.', 3, '2018-06-18 06:18:48', '2018-06-18 06:18:48'),
(24, 48, 'Dr. Blake Mertz', 'Minus dolores reiciendis minima inventore. Aut sed eum sunt unde suscipit non et. Illum eveniet blanditiis modi. Et similique veniam rerum at autem sequi aut.', 3, '2018-06-18 06:18:48', '2018-06-18 06:18:48'),
(25, 38, 'Shyann Hahn', 'Suscipit dolorum doloribus et omnis cupiditate et. Quam sed accusamus et id nihil saepe ratione recusandae. Porro facere reprehenderit consequatur nam non est aut numquam. Et eaque ut voluptatem tempore enim dolorem sit.', 0, '2018-06-18 06:18:48', '2018-06-18 06:18:48'),
(26, 14, 'Prof. Eddie Kunze DVM', 'Ad rem tenetur vero enim repudiandae sed. Ut nemo iure voluptatem aperiam quo autem. Corrupti blanditiis incidunt quaerat animi.', 2, '2018-06-18 06:18:48', '2018-06-18 06:18:48'),
(27, 4, 'Rodrigo Kiehn', 'Voluptatum culpa quisquam id sed aliquam aspernatur odit. Eum velit aut sint architecto quidem quis omnis. Ex expedita voluptatem nisi molestiae corporis. Ut sit iure illum ut harum quia odio.', 3, '2018-06-18 06:18:48', '2018-06-18 06:18:48'),
(28, 27, 'Sabrina O\'Reilly', 'Doloremque autem in et sequi. Suscipit aperiam quaerat quos repellendus. Omnis ducimus aut itaque et eveniet.', 4, '2018-06-18 06:18:48', '2018-06-18 06:18:48'),
(29, 31, 'Jaclyn Denesik V', 'Qui ipsum et similique. Rem possimus repellendus assumenda at minus. Ea aut non velit fugiat soluta.', 5, '2018-06-18 06:18:48', '2018-06-18 06:18:48'),
(30, 2, 'Camren Nitzsche V', 'Saepe rerum aliquid quia delectus animi. Occaecati pariatur architecto nostrum repudiandae. Laborum et error rerum laudantium magni qui tempore eligendi. Ut porro cupiditate voluptatem eos repudiandae qui.', 1, '2018-06-18 06:18:48', '2018-06-18 06:18:48'),
(31, 42, 'Dr. Ross Gutkowski', 'Illo eveniet ut error accusantium. Perspiciatis quisquam temporibus consequatur alias. Eos at quibusdam ex quia adipisci.', 5, '2018-06-18 06:18:48', '2018-06-18 06:18:48'),
(32, 31, 'Gerard Friesen DVM', 'Et maxime et fuga ipsa in. Excepturi vitae aut qui exercitationem. Aut totam et numquam maxime doloribus dolores. Expedita eum et perspiciatis voluptas labore aperiam enim.', 4, '2018-06-18 06:18:48', '2018-06-18 06:18:48'),
(33, 17, 'Adolph Davis', 'Sit quia fuga ducimus doloremque et amet minima. Qui consequuntur perspiciatis molestiae rerum. Est reiciendis cupiditate illo quisquam ut et eligendi.', 0, '2018-06-18 06:18:48', '2018-06-18 06:18:48'),
(34, 42, 'Granville Ferry', 'Dignissimos voluptates consequatur reiciendis nulla omnis numquam. Eum eligendi voluptas officiis incidunt. Eius similique delectus alias praesentium repudiandae debitis. Id occaecati ipsa quia delectus eos.', 3, '2018-06-18 06:18:48', '2018-06-18 06:18:48'),
(35, 48, 'Ronaldo Cole', 'Repudiandae officia aut ut similique ratione cumque. Inventore ut recusandae iure soluta. Explicabo maxime aliquid qui aliquam fugiat sit aut. Et necessitatibus porro voluptatibus labore et tenetur recusandae.', 3, '2018-06-18 06:18:48', '2018-06-18 06:18:48'),
(36, 14, 'Xavier Sanford', 'Alias dolorem cum labore molestiae nihil exercitationem quidem. Quidem tempora sit sunt impedit perferendis iure. Vero necessitatibus et aut officiis ipsa earum veniam ducimus. Eveniet facilis quia id debitis dolor.', 1, '2018-06-18 06:18:48', '2018-06-18 06:18:48'),
(37, 1, 'Mr. Nickolas VonRueden', 'Ut quis expedita aliquid sit ea illo. Consequatur ipsam officiis sed odit similique animi eaque. Optio ex ut voluptatum velit totam quibusdam ipsam.', 3, '2018-06-18 06:18:48', '2018-06-18 06:18:48'),
(38, 47, 'Prof. Alek Collier V', 'Culpa qui nulla fuga rerum laudantium omnis. Consequatur enim officia inventore autem. Necessitatibus corporis sit et magni necessitatibus dignissimos voluptatem. Architecto non explicabo saepe vel eligendi.', 3, '2018-06-18 06:18:48', '2018-06-18 06:18:48'),
(39, 24, 'Mr. Paxton Ernser', 'Esse dolor dolorum est a molestias. Qui inventore tempora voluptatem eveniet officia impedit vel.', 0, '2018-06-18 06:18:48', '2018-06-18 06:18:48'),
(41, 24, 'Beau Turcotte', 'Dolores magnam harum distinctio reiciendis quia minus vero. Magnam sint voluptas et ut. Qui deleniti explicabo repudiandae est sint et.', 1, '2018-06-18 06:18:48', '2018-06-18 06:18:48'),
(42, 18, 'Gertrude Welch', 'Nisi labore pariatur consequatur aliquid reiciendis at. Eum quo deserunt deleniti libero eius est. Sequi ea voluptatem omnis rerum non ea quia. Occaecati aliquam est nisi dolorem atque odio repellendus.', 5, '2018-06-18 06:18:48', '2018-06-18 06:18:48'),
(43, 43, 'Nannie Bahringer', 'Exercitationem ipsum laborum sed voluptate illum. Expedita ut sint doloremque modi. Harum laboriosam et aut est voluptatem.', 0, '2018-06-18 06:18:48', '2018-06-18 06:18:48'),
(44, 28, 'Mr. Ansley Wolff', 'Temporibus et et velit numquam corrupti. Est corrupti autem in et et laudantium provident aut. Autem aut numquam velit. Repellendus neque dignissimos suscipit asperiores ea dolorem aliquid minima.', 2, '2018-06-18 06:18:48', '2018-06-18 06:18:48'),
(45, 45, 'Dr. Nickolas Gaylord III', 'Et libero et quia qui. Et et ut suscipit eos incidunt eaque. Sint quia quia corrupti est consequatur et.', 1, '2018-06-18 06:18:48', '2018-06-18 06:18:48'),
(46, 21, 'Gaston Schneider', 'Quo occaecati dolorem atque ipsum autem illum. Delectus dolor autem explicabo impedit veniam quia et. Odio eveniet qui voluptatum in repellendus.', 0, '2018-06-18 06:18:48', '2018-06-18 06:18:48'),
(47, 39, 'Kenton Lind', 'Est atque modi voluptate commodi est. Recusandae reiciendis vitae hic optio. Occaecati ad maxime nihil.', 3, '2018-06-18 06:18:48', '2018-06-18 06:18:48'),
(48, 34, 'Retta Bruen III', 'Reiciendis illo tempora et quaerat voluptatem tenetur error. Autem molestias quidem ut voluptas doloribus illum dignissimos. Velit tempore sint itaque possimus consequatur natus quam.', 3, '2018-06-18 06:18:48', '2018-06-18 06:18:48'),
(49, 25, 'Joel Kuvalis', 'Dolore ex non ea quo ut. Fugit repellendus minus vel. Aut est neque ut.', 0, '2018-06-18 06:18:48', '2018-06-18 06:18:48'),
(50, 37, 'Jett Bartell', 'Voluptatem dolorum repellendus eum ullam dolores est deserunt aut. Voluptatem aut est velit vel. Beatae aspernatur iste est et autem. Quasi sint laborum aliquam voluptatibus quae ut.', 3, '2018-06-18 06:18:48', '2018-06-18 06:18:48'),
(51, 30, 'Clarabelle Becker DVM', 'Voluptatibus est quas facere tempore quo. Iure minus et assumenda. Voluptatem omnis id dolor.', 4, '2018-06-18 06:18:48', '2018-06-18 06:18:48'),
(52, 12, 'Cindy Cronin', 'Et nobis ipsum atque optio placeat vel sed. Aut magni omnis soluta sapiente molestias. Sit recusandae aperiam accusamus enim quisquam voluptatem. Sit sint vero aut molestiae.', 0, '2018-06-18 06:18:48', '2018-06-18 06:18:48'),
(53, 22, 'Dr. Kory Halvorson I', 'Accusamus tenetur reprehenderit vel pariatur facilis. Sint excepturi rerum adipisci iure quaerat quo repellat magnam. Reprehenderit quibusdam assumenda aperiam quam. Vel qui iusto voluptas debitis. Tenetur qui non facere officia voluptatibus in aut.', 0, '2018-06-18 06:18:48', '2018-06-18 06:18:48'),
(54, 2, 'Dr. Wyatt Oberbrunner III', 'Aut nesciunt exercitationem voluptatem doloribus necessitatibus nisi. Tempora officiis consequuntur voluptatum doloremque praesentium. Accusamus facere quis alias illo tenetur commodi amet illum.', 2, '2018-06-18 06:18:48', '2018-06-18 06:18:48'),
(55, 48, 'Ms. Name Dach I', 'Sed quisquam et qui. Illo sed repudiandae dicta omnis aut ducimus ex. Sed repellat voluptatum aut qui quos labore. Ut sed et voluptates esse tempore. A ab ea itaque odit est consequatur sed.', 5, '2018-06-18 06:18:48', '2018-06-18 06:18:48'),
(56, 11, 'Lottie Hagenes II', 'Doloremque vero libero qui rerum impedit. Et velit nulla illo repudiandae quia cum vel. Et optio at modi voluptates enim veritatis. Dignissimos numquam sint animi voluptatum.', 0, '2018-06-18 06:18:48', '2018-06-18 06:18:48'),
(57, 28, 'Catalina Terry', 'Perferendis voluptas iure voluptates unde veniam. Illum quia eos eveniet quo eius. Blanditiis dignissimos voluptas praesentium. Ut aperiam laudantium sunt unde ipsum.', 1, '2018-06-18 06:18:48', '2018-06-18 06:18:48'),
(58, 20, 'Prof. Delpha Cruickshank', 'Placeat ut aut vel temporibus consequuntur. Pariatur esse aut quasi. Et possimus voluptates eum nemo blanditiis ducimus provident. Ullam delectus eaque enim dolor.', 5, '2018-06-18 06:18:48', '2018-06-18 06:18:48'),
(59, 31, 'Federico Blanda', 'Hic similique recusandae enim aperiam et sint. Voluptatem veritatis labore necessitatibus ipsum quidem. Quia quia velit ad necessitatibus eos quo rem. Fugit eos debitis dolor ad in eius.', 5, '2018-06-18 06:18:48', '2018-06-18 06:18:48'),
(60, 7, 'Lamont Padberg', 'Illum doloremque voluptatem laudantium mollitia. Eos nemo est et culpa autem explicabo. Culpa commodi aperiam iusto numquam est ut animi.', 3, '2018-06-18 06:18:48', '2018-06-18 06:18:48'),
(61, 8, 'Horace Weissnat', 'Deleniti veniam aliquid ea iusto pariatur quisquam corporis. Molestiae vel autem deleniti ipsum laboriosam. Atque iste placeat quo quia et. Harum nobis aut quibusdam rerum facere voluptas cupiditate.', 5, '2018-06-18 06:18:48', '2018-06-18 06:18:48'),
(62, 16, 'Prof. Wallace Heidenreich', 'Ea accusantium voluptas quia eveniet quaerat unde. Odit commodi voluptate ab eum unde. Adipisci atque ut sed aliquam.', 5, '2018-06-18 06:18:48', '2018-06-18 06:18:48'),
(63, 5, 'Angeline Beahan', 'Est corporis in voluptas rerum. Eveniet aut quia saepe atque. Explicabo aut fuga et eum numquam culpa amet.', 5, '2018-06-18 06:18:48', '2018-06-18 06:18:48'),
(64, 41, 'Dr. Carey Littel Jr.', 'Repudiandae omnis est ut eaque fugit. Incidunt eius ut qui. Est fuga mollitia necessitatibus deserunt.', 1, '2018-06-18 06:18:48', '2018-06-18 06:18:48'),
(65, 36, 'Piper Shields', 'Expedita nisi voluptas unde tempora asperiores consectetur. Ut aliquid qui doloremque exercitationem. Sed est itaque tempore cum enim. Minus placeat aliquid autem qui.', 5, '2018-06-18 06:18:48', '2018-06-18 06:18:48'),
(66, 40, 'Mr. Waldo Doyle IV', 'Ab iure culpa minima culpa rem soluta nesciunt corporis. Labore rerum impedit aut sint est. Ut quod nostrum et dolorem.', 2, '2018-06-18 06:18:48', '2018-06-18 06:18:48'),
(67, 46, 'Broderick Johnston', 'Aliquid est vel hic assumenda enim error. Quae nemo porro quo eius fugit natus suscipit.', 3, '2018-06-18 06:18:48', '2018-06-18 06:18:48'),
(68, 23, 'Prof. Jeff Kirlin', 'Molestiae hic et qui velit. Aut repudiandae rerum veritatis alias odit voluptates exercitationem qui. Aut odio ea voluptas minima inventore dolores repellendus.', 0, '2018-06-18 06:18:48', '2018-06-18 06:18:48'),
(69, 33, 'Vaughn Witting', 'Praesentium nesciunt unde expedita. Quia ut et incidunt sed sint amet vel. Necessitatibus alias alias tenetur. Dolorem facilis rerum et nisi.', 5, '2018-06-18 06:18:48', '2018-06-18 06:18:48'),
(70, 17, 'Mrs. Charlotte Macejkovic', 'Est dolores molestias labore quod. Repellendus quisquam quo dolorum vel aut. Autem beatae perferendis voluptatem porro consequatur aut molestiae. Sint rerum officiis est illo quo quia facere. Tempore deserunt veniam consequatur laborum quidem.', 5, '2018-06-18 06:18:48', '2018-06-18 06:18:48'),
(71, 48, 'Prof. Alexandria Schultz', 'Et aut qui deleniti tenetur non eum. Non asperiores aut quis aperiam nostrum sed. Dolor voluptas qui soluta possimus. Rem quidem fugit fugit corrupti doloremque.', 3, '2018-06-18 06:18:48', '2018-06-18 06:18:48'),
(72, 28, 'Ettie Ullrich', 'Ipsum similique voluptate dicta consequatur. Corrupti fugiat id optio. Ea cupiditate commodi enim deleniti.', 2, '2018-06-18 06:18:48', '2018-06-18 06:18:48'),
(73, 13, 'Leone Pfannerstill', 'Voluptatem porro iure fugit. Quia exercitationem possimus ut similique. Nisi odit natus hic ea nisi qui omnis.', 2, '2018-06-18 06:18:48', '2018-06-18 06:18:48'),
(74, 29, 'Mr. Ray Schaden IV', 'Est debitis necessitatibus quia sunt rerum sit doloribus. Consequatur dolore officia in reprehenderit reiciendis et nulla voluptatem. Soluta quisquam eum fuga labore.', 4, '2018-06-18 06:18:48', '2018-06-18 06:18:48'),
(75, 3, 'Prof. Jacinto Miller DVM', 'Pariatur minima hic quae sapiente voluptas enim dolorem saepe. Nam omnis ab nemo. Architecto aut tempore nostrum in autem asperiores laborum. Eos in repellat nihil.', 0, '2018-06-18 06:18:48', '2018-06-18 06:18:48'),
(76, 18, 'Leanna O\'Kon', 'Eveniet qui excepturi numquam nam. Modi saepe sed id. Vitae voluptas et vel magni rem et rerum eos.', 4, '2018-06-18 06:18:48', '2018-06-18 06:18:48'),
(77, 48, 'Nicole Roberts', 'Ad numquam perferendis perspiciatis ex molestiae tempora voluptatem ut. Culpa ut veniam expedita. Magni ut sit hic quia aut magni expedita.', 1, '2018-06-18 06:18:48', '2018-06-18 06:18:48'),
(78, 30, 'Ila Morar MD', 'Consequatur minima quia autem rem. Porro repellat minus repudiandae et reiciendis. Cumque minima debitis aperiam. Beatae quos doloribus aliquid eum.', 2, '2018-06-18 06:18:48', '2018-06-18 06:18:48'),
(79, 4, 'Norris Satterfield', 'Occaecati veniam et voluptatibus et rerum excepturi voluptatem officia. Qui quibusdam quis blanditiis voluptatem. Praesentium tempora fuga voluptatem perferendis reprehenderit praesentium. Perferendis soluta perferendis et ut laboriosam voluptatem molestiae.', 0, '2018-06-18 06:18:48', '2018-06-18 06:18:48'),
(80, 46, 'Dr. Jena Beer', 'Ipsum et enim sint et. Illo vel et sit expedita dolore atque aut. Quia nemo eveniet aut expedita in quis autem.', 4, '2018-06-18 06:18:48', '2018-06-18 06:18:48'),
(81, 37, 'Enos Hansen', 'Dolores ut omnis omnis reiciendis aut et. Saepe earum beatae id provident sit.', 1, '2018-06-18 06:18:48', '2018-06-18 06:18:48'),
(82, 22, 'Freddie Von IV', 'Nihil consequatur suscipit dolore eos sequi. Maxime totam et ea nostrum. Et placeat quia id saepe. Et quibusdam quod fugiat rerum dolorem.', 2, '2018-06-18 06:18:48', '2018-06-18 06:18:48'),
(83, 10, 'Earline Carter', 'In ut voluptatem est temporibus porro ut. Explicabo voluptate aspernatur vel eaque excepturi possimus dolores reprehenderit. Consectetur ut est asperiores autem sit corrupti nulla.', 4, '2018-06-18 06:18:48', '2018-06-18 06:18:48'),
(84, 27, 'Dr. Harrison Bednar DDS', 'Magnam voluptatem quo dolore qui voluptatem omnis enim. Nemo perspiciatis et molestias veritatis atque quia ab. Neque quibusdam laudantium ut occaecati.', 1, '2018-06-18 06:18:48', '2018-06-18 06:18:48'),
(86, 30, 'Aisha Jakubowski', 'Eum dolore laudantium libero nisi. Sint ipsum laudantium repellat eligendi error reiciendis ducimus. Cumque illo aut dolor ullam.', 1, '2018-06-18 06:18:48', '2018-06-18 06:18:48'),
(87, 22, 'Mrs. Henriette Toy', 'Nihil nihil ratione labore dolor. Consectetur temporibus magni aut amet voluptatem minus. Quod ea consectetur amet harum sit repellat.', 0, '2018-06-18 06:18:48', '2018-06-18 06:18:48'),
(88, 46, 'Dr. Vernice Howell', 'Minima voluptatem tempore et repellat. Consectetur doloribus qui id et non. Accusantium suscipit labore distinctio sint. Autem placeat illo nisi vitae ut dolores.', 0, '2018-06-18 06:18:48', '2018-06-18 06:18:48'),
(89, 46, 'Gertrude Kuhlman IV', 'Quasi exercitationem ex nulla laudantium eligendi aut. Voluptas temporibus deleniti quidem iste. In earum deleniti eaque sapiente molestias voluptatem officia. Ducimus sed ipsum vel.', 2, '2018-06-18 06:18:48', '2018-06-18 06:18:48'),
(90, 25, 'Mrs. Eldridge Heathcote MD', 'Ea blanditiis laboriosam nihil voluptate. Labore doloribus ea eos voluptate saepe. Commodi sequi vel veritatis culpa sint et rem libero. Error omnis atque ut velit rerum.', 4, '2018-06-18 06:18:48', '2018-06-18 06:18:48'),
(91, 45, 'Mireya Emard', 'Non veritatis et ut sapiente. Atque quo distinctio a non laboriosam. Quisquam et nisi voluptate. Architecto porro autem officiis tempore rerum qui et.', 4, '2018-06-18 06:18:48', '2018-06-18 06:18:48'),
(92, 41, 'Mr. Brandt Kiehn', 'Eveniet exercitationem sapiente architecto reiciendis corrupti minus. Libero eum reiciendis voluptas reprehenderit. Expedita odit vitae sint dignissimos aut.', 1, '2018-06-18 06:18:48', '2018-06-18 06:18:48'),
(93, 13, 'Shaina Monahan', 'Enim nulla deleniti expedita eligendi. Voluptas doloremque quia autem distinctio. Et asperiores accusamus nihil commodi fugit quia. Ipsam veritatis ad nulla quos. Vitae laborum maxime voluptatem ut aut.', 2, '2018-06-18 06:18:48', '2018-06-18 06:18:48'),
(94, 33, 'Mrs. Dessie Altenwerth', 'Non dolor iste sequi voluptate. Quidem dolore saepe accusantium eos officia nobis ut. Neque odit qui repudiandae molestiae et.', 5, '2018-06-18 06:18:48', '2018-06-18 06:18:48'),
(95, 15, 'Prof. Gillian Bergnaum II', 'Voluptatem eligendi reiciendis earum ex qui pariatur cupiditate molestias. Cumque nihil suscipit ad odit ipsum dolores.', 4, '2018-06-18 06:18:48', '2018-06-18 06:18:48'),
(96, 44, 'Mr. Kristofer Kertzmann I', 'Consequuntur nulla voluptate quo. Officiis nemo illum quia non minima facere ea. Possimus omnis eum qui debitis reiciendis.', 1, '2018-06-18 06:18:48', '2018-06-18 06:18:48'),
(97, 22, 'Dr. Maximillia Rogahn', 'Illum quaerat iste maiores. Placeat sed ex amet similique cumque. Nemo quis molestias magnam magnam optio officia possimus. Suscipit enim aliquid unde voluptas.', 5, '2018-06-18 06:18:48', '2018-06-18 06:18:48'),
(98, 30, 'Dr. Shad Hyatt', 'Vero et sapiente et. Ut voluptas nihil enim error aut. Fugiat error magnam nihil maxime.', 0, '2018-06-18 06:18:48', '2018-06-18 06:18:48'),
(99, 33, 'Dr. Alexandrea Cronin', 'Sit omnis ut non sit soluta. Laudantium nisi velit accusantium non praesentium eum. Et omnis ex voluptate rerum dolorem velit sit. Est expedita quisquam totam voluptas.', 0, '2018-06-18 06:18:48', '2018-06-18 06:18:48'),
(100, 26, 'Miss Jennifer DuBuque V', 'Repudiandae laboriosam mollitia sequi atque alias amet ex. Id veniam ut aut ut. Occaecati quia sequi nostrum eos incidunt ratione. Laborum deserunt dolorum sequi officiis deserunt nihil dicta.', 3, '2018-06-18 06:18:48', '2018-06-18 06:18:48'),
(101, 41, 'Keara Gottlieb', 'Sit dolores dolorem consequatur quia dolores itaque eos exercitationem. Officia excepturi perferendis illo animi beatae cumque.', 3, '2018-06-18 06:18:48', '2018-06-18 06:18:48'),
(103, 34, 'Elbert Sporer', 'Non aliquid adipisci eaque nemo incidunt. Illum consequuntur vel omnis voluptate dolor et enim qui. Sed neque est et iure. Necessitatibus omnis non et ut.', 1, '2018-06-18 06:18:48', '2018-06-18 06:18:48'),
(104, 45, 'Mrs. Aniya Considine', 'Quaerat quam omnis quia. Consequatur id debitis est temporibus reprehenderit aut magnam. Sit aliquid sed id voluptas enim dicta minus. Minima est sed dolorem quibusdam nihil vitae.', 5, '2018-06-18 06:18:48', '2018-06-18 06:18:48'),
(105, 6, 'Miss Adell Gaylord', 'Voluptatibus id necessitatibus mollitia maxime. Fugiat illo distinctio qui aut qui voluptatem tempore. Dolorem beatae architecto consequatur.', 0, '2018-06-18 06:18:48', '2018-06-18 06:18:48'),
(106, 31, 'Dr. Jayne Hackett', 'Non aut nesciunt sunt velit dolorem. Fuga fuga rem beatae dignissimos autem officia. Ut dolore ullam at in asperiores ipsum iste quibusdam. Incidunt voluptates laborum ipsam error sed.', 2, '2018-06-18 06:18:48', '2018-06-18 06:18:48'),
(107, 18, 'Hoyt Bogan Sr.', 'Perspiciatis corporis et qui consequatur. Ut neque ipsum ratione neque. Perspiciatis occaecati nemo quia sit ut aliquid aut. Qui laborum sequi corporis in laborum.', 1, '2018-06-18 06:18:48', '2018-06-18 06:18:48'),
(108, 33, 'Vance Strosin', 'Non assumenda et libero sit iure et molestias. Asperiores placeat magni non aperiam labore beatae. Omnis modi totam quidem perferendis nihil. Perferendis vel quo dolorum sunt et.', 0, '2018-06-18 06:18:48', '2018-06-18 06:18:48'),
(109, 11, 'Prof. Emerald Roberts', 'Ut qui mollitia voluptas aut. Quas et nesciunt eaque voluptas saepe cupiditate. Praesentium cupiditate sunt rerum maxime qui.', 4, '2018-06-18 06:18:48', '2018-06-18 06:18:48'),
(110, 1, 'Kirk Morissette', 'At molestiae delectus incidunt est. Sint accusantium commodi necessitatibus quia. Tempore provident dolorem expedita quibusdam quas velit. Consequuntur cum est harum voluptates facilis dicta.', 0, '2018-06-18 06:18:48', '2018-06-18 06:18:48'),
(111, 31, 'Morgan Morar', 'Voluptates quas harum odio deserunt non. Aut mollitia est quia quas.', 3, '2018-06-18 06:18:48', '2018-06-18 06:18:48'),
(112, 32, 'Queen McCullough', 'Deleniti quaerat illum amet pariatur quo dolore enim. Adipisci optio est occaecati id quis dignissimos. Iure qui repellendus hic molestiae iusto minus commodi.', 4, '2018-06-18 06:18:48', '2018-06-18 06:18:48'),
(113, 42, 'Dominic Littel', 'Rerum numquam sed earum ab at doloremque aut. Mollitia voluptatibus ipsa sint voluptatem veritatis laborum dolore. Cupiditate animi voluptatem deserunt dolorem in amet quo fugit. Dolores explicabo quia nihil quia.', 2, '2018-06-18 06:18:48', '2018-06-18 06:18:48'),
(114, 6, 'Jack Pfannerstill', 'Blanditiis ea repellendus odio expedita incidunt officia. At dolores velit eos in sed. Doloribus explicabo sed accusamus molestiae nesciunt voluptas.', 4, '2018-06-18 06:18:48', '2018-06-18 06:18:48'),
(115, 2, 'Gonzalo Stiedemann', 'Exercitationem nihil veniam et laudantium aliquam corrupti accusamus. Error aut voluptatem eaque iste hic eius voluptatum perferendis. Nam consequuntur enim ea nostrum.', 0, '2018-06-18 06:18:48', '2018-06-18 06:18:48'),
(116, 15, 'Sister Kautzer DVM', 'Quia et cupiditate quia itaque. Dolorem quibusdam corrupti et sed tenetur. Repellat cumque beatae non quisquam sint voluptatem. Est optio ullam tempore molestiae perspiciatis.', 1, '2018-06-18 06:18:48', '2018-06-18 06:18:48'),
(117, 30, 'Akeem Jakubowski', 'Sit odit totam eligendi vel nobis ratione voluptates. Quibusdam repudiandae quam quisquam repudiandae. Cumque molestias laudantium dolor numquam. Sapiente distinctio quis repudiandae modi.', 1, '2018-06-18 06:18:48', '2018-06-18 06:18:48'),
(118, 3, 'Prof. Newton Dickens IV', 'Ipsum reiciendis ab sed deserunt neque. Consectetur fuga suscipit eos aut rerum ipsam minus sint. Recusandae dolorem incidunt rerum delectus ipsum.', 3, '2018-06-18 06:18:48', '2018-06-18 06:18:48'),
(119, 44, 'Shana Torp', 'Fugiat tenetur unde eius maxime. Dolorem aut deleniti et nulla. Sint quis cumque odit.', 3, '2018-06-18 06:18:48', '2018-06-18 06:18:48'),
(120, 3, 'Murl Schaden', 'Aut et ex assumenda sunt aut deserunt quod. Voluptas aliquam quasi doloribus ea quia. Atque fuga quae mollitia eaque.', 3, '2018-06-18 06:18:48', '2018-06-18 06:18:48'),
(121, 30, 'Orrin Koepp', 'Aut mollitia quos nisi repellat. Expedita veniam quis eius sint sed qui. Eius et rem tempore natus facere error. Consectetur minus sed aliquid blanditiis commodi sint odio.', 5, '2018-06-18 06:18:48', '2018-06-18 06:18:48'),
(122, 32, 'Selina Rohan', 'Ipsam qui vel modi similique praesentium ut. Perspiciatis veritatis et dolore quas ipsa consequuntur distinctio maxime. Voluptatem unde est a et occaecati. Animi qui dolor adipisci.', 1, '2018-06-18 06:18:48', '2018-06-18 06:18:48'),
(123, 5, 'Elyssa Rodriguez', 'Quas pariatur sit ut non. Dolor quaerat quia quos facilis quibusdam. Harum excepturi sunt praesentium quas dolores sed.', 4, '2018-06-18 06:18:48', '2018-06-18 06:18:48'),
(124, 43, 'Ms. Zoie Vandervort', 'Perferendis et atque vel ut quia pariatur explicabo consectetur. Ut similique recusandae nobis maiores temporibus consequatur qui. Libero error sit et excepturi. Dolorum voluptas et excepturi autem dolorem. Commodi deserunt iste est sapiente dolorem qui officiis omnis.', 3, '2018-06-18 06:18:48', '2018-06-18 06:18:48'),
(125, 21, 'Trevion Flatley', 'Tempora molestiae facere quam ea minima molestiae. Ullam aut nulla perspiciatis laboriosam libero reiciendis aspernatur vero. Quas ea placeat cumque quisquam totam ducimus aliquam vel. Nihil voluptatem et dolorem maxime ab ut recusandae.', 3, '2018-06-18 06:18:48', '2018-06-18 06:18:48'),
(126, 22, 'Ms. Alfreda Green Sr.', 'Qui vero saepe reprehenderit repellendus animi. Numquam quos ut ea sit nulla possimus debitis. Et quis ut debitis sed laudantium tempora sunt. Provident sit corrupti quis qui.', 0, '2018-06-18 06:18:48', '2018-06-18 06:18:48'),
(128, 8, 'Arnulfo Barrows', 'Illum adipisci saepe voluptas saepe. Illum nesciunt sint omnis nam. Et adipisci voluptatem quo dignissimos hic enim. Debitis eos pariatur officia nihil dolores libero adipisci qui.', 2, '2018-06-18 06:18:48', '2018-06-18 06:18:48'),
(129, 37, 'Camryn Witting', 'Vero ea sint id assumenda tempore sunt numquam. Est veniam in quas dignissimos corrupti nostrum. Maiores et dolores accusamus.', 1, '2018-06-18 06:18:48', '2018-06-18 06:18:48'),
(130, 1, 'Harrison Lockman', 'Voluptatem nihil ab ullam adipisci quia. Id alias impedit ducimus similique alias sit. Voluptatibus dolor officia aut rerum ad deserunt id.', 4, '2018-06-18 06:18:48', '2018-06-18 06:18:48'),
(131, 19, 'Marcos Emard', 'Quia dolor consequuntur quos laboriosam error aliquam. Magni et temporibus omnis ut voluptatem veniam. Quibusdam maxime ducimus quasi iste. Totam modi esse suscipit quas molestias.', 0, '2018-06-18 06:18:48', '2018-06-18 06:18:48'),
(132, 24, 'Mrs. Beatrice Krajcik Jr.', 'Iure facere labore optio nemo quod. Quia omnis provident qui natus in ex reprehenderit eveniet. Corporis atque sit iste recusandae dolores eligendi voluptates.', 1, '2018-06-18 06:18:48', '2018-06-18 06:18:48'),
(133, 35, 'Abner Swaniawski', 'Pariatur et quis voluptas quam. Aut delectus atque delectus facere asperiores vel. Voluptatem veniam placeat corporis fuga.', 0, '2018-06-18 06:18:48', '2018-06-18 06:18:48'),
(134, 32, 'Eldon Spencer', 'Voluptates quae voluptatem unde est voluptates mollitia. Omnis dolorem et eum quasi qui. Neque qui consectetur expedita et ipsum natus omnis accusamus.', 3, '2018-06-18 06:18:48', '2018-06-18 06:18:48'),
(136, 38, 'Lera Upton', 'Dolorem doloremque et ut dolorem qui quis itaque. Inventore tempora quidem ea et earum harum ducimus voluptate. Sint ipsum vero mollitia. Eligendi deserunt autem repudiandae aut sunt.', 3, '2018-06-18 06:18:48', '2018-06-18 06:18:48'),
(137, 27, 'Amari Lang', 'Et nesciunt veritatis esse ut possimus. Doloremque voluptas eaque a quidem doloribus atque. Necessitatibus nihil ad mollitia aliquam earum et ut.', 3, '2018-06-18 06:18:48', '2018-06-18 06:18:48'),
(138, 36, 'Leslie Sipes', 'Quia et repellat inventore rerum laborum nisi ipsum. Numquam voluptas dolores minus nihil saepe a. Ut est et officiis pariatur. Accusantium saepe architecto accusantium neque porro eligendi molestias voluptatum. Delectus totam deleniti ea dolorum nobis et.', 2, '2018-06-18 06:18:48', '2018-06-18 06:18:48'),
(139, 17, 'Adele Heathcote', 'Libero esse qui est voluptatum eos. Debitis perferendis ad ratione harum totam. Qui et mollitia et odio autem repellat sed. Laboriosam et repellendus doloribus fugit maxime cupiditate ex.', 1, '2018-06-18 06:18:48', '2018-06-18 06:18:48'),
(140, 45, 'Prof. Alessandro McLaughlin', 'Qui similique quam laudantium aut. Quia et doloremque consectetur ex officiis. Voluptas modi repellat illo laudantium tempora nulla.', 4, '2018-06-18 06:18:48', '2018-06-18 06:18:48'),
(141, 38, 'Dr. Roosevelt Torp', 'Dolores et omnis tempore inventore eos. Deserunt velit in ducimus pariatur quisquam non minus quia.', 5, '2018-06-18 06:18:48', '2018-06-18 06:18:48'),
(142, 5, 'Robbie Zemlak', 'Sunt et dolorem exercitationem officiis ut accusamus placeat. Ut aut et earum tenetur ab aliquid eos. Vero sapiente consequatur unde quidem.', 2, '2018-06-18 06:18:48', '2018-06-18 06:18:48'),
(143, 2, 'Miss Shany Tillman', 'A ut est laudantium aliquid ipsa optio consequatur adipisci. Aut soluta adipisci sapiente ipsum deleniti officiis autem. Voluptatem culpa quae et omnis.', 1, '2018-06-18 06:18:48', '2018-06-18 06:18:48'),
(145, 31, 'Nadia Kuhic', 'Eligendi et amet possimus dolorem quia debitis. Aut aliquam voluptas sint voluptatibus sequi vel suscipit et. Nisi et aut omnis et incidunt corporis sit. Quia saepe aspernatur reiciendis nam ratione.', 2, '2018-06-18 06:18:48', '2018-06-18 06:18:48'),
(146, 28, 'Tevin Brakus Jr.', 'Possimus odio magnam provident. Ad fugiat assumenda dolores reiciendis. Voluptatem soluta possimus ipsum aut a temporibus accusamus.', 0, '2018-06-18 06:18:48', '2018-06-18 06:18:48'),
(147, 6, 'Dr. Brandy Heidenreich', 'Facere sit non perferendis illum eligendi aliquid quia. Deserunt voluptatem eum quia molestias eaque ipsum. In nulla incidunt eos non qui mollitia. Doloremque a beatae aut inventore quod.', 5, '2018-06-18 06:18:48', '2018-06-18 06:18:48'),
(148, 28, 'Prof. Walton Jast IV', 'Et et distinctio tempora qui. Facere dolore eum facere quia et temporibus consectetur. Qui enim vero laudantium et molestias saepe.', 2, '2018-06-18 06:18:48', '2018-06-18 06:18:48'),
(149, 6, 'Alvena Hoeger I', 'Nihil nesciunt architecto aspernatur et sint expedita labore. Ullam corporis quidem qui fugit veniam. Ullam amet et enim similique et.', 0, '2018-06-18 06:18:48', '2018-06-18 06:18:48'),
(150, 38, 'Ronny Fisher', 'Ut dolore laborum accusantium praesentium consectetur. Laboriosam iure facere impedit qui. Recusandae eius ab dolor qui nulla nulla. Officiis sit tempore omnis optio voluptas ullam. Dolores explicabo dolorum id.', 5, '2018-06-18 06:18:48', '2018-06-18 06:18:48'),
(151, 24, 'Jaquelin Dietrich', 'Corrupti culpa in qui consequatur. Consequatur nisi tenetur nihil magnam magni. Inventore error minus et expedita saepe dolorum aliquam. Sint molestiae ut vero quas autem.', 2, '2018-06-18 06:18:48', '2018-06-18 06:18:48'),
(152, 40, 'Mr. Damian Thompson V', 'Odio culpa maiores vel omnis eos. Corporis aliquid voluptatem ipsa quod ipsa. Omnis aut illum sed fugiat ullam et. Libero aliquam repellat aspernatur. Similique nam eligendi aliquid dolores et est.', 3, '2018-06-18 06:18:48', '2018-06-18 06:18:48'),
(153, 41, 'Jamil Weissnat', 'Dicta qui facilis veritatis voluptatem sint. Rem ratione et quia voluptatum ullam. Impedit neque repellat dolore. Illum laborum nulla fugiat commodi.', 3, '2018-06-18 06:18:48', '2018-06-18 06:18:48'),
(154, 46, 'Rico Cummerata MD', 'Quos ea est exercitationem veritatis non cumque autem. Qui minus amet aut itaque. Reiciendis totam suscipit eveniet quo nihil ipsum et atque.', 4, '2018-06-18 06:18:48', '2018-06-18 06:18:48'),
(155, 12, 'Jarrett Brekke', 'Magnam omnis similique rerum vitae non possimus. Animi quibusdam sed et quod dolor architecto. Reprehenderit nostrum neque debitis placeat.', 2, '2018-06-18 06:18:48', '2018-06-18 06:18:48'),
(156, 11, 'Trystan Beer', 'Similique quos et cumque omnis nemo rerum. Tempore enim voluptatem iusto autem rerum. Quod iste autem ratione sint.', 2, '2018-06-18 06:18:48', '2018-06-18 06:18:48'),
(157, 47, 'Marisa Gerhold', 'Suscipit laudantium ut quo et quis. Mollitia consequuntur harum et assumenda debitis. Molestias sed est commodi nihil repellat iusto quidem laudantium. Voluptas repudiandae sint cumque voluptatem est vitae voluptate.', 5, '2018-06-18 06:18:48', '2018-06-18 06:18:48'),
(158, 31, 'Dr. Serena Beahan I', 'Vitae saepe excepturi quidem facilis quae voluptatem non. Quia voluptatem et voluptatem et rerum id. Praesentium ut pariatur ducimus ut. Et similique quia aliquam fuga.', 0, '2018-06-18 06:18:48', '2018-06-18 06:18:48'),
(159, 34, 'Marjolaine Larson', 'Sit aut magni voluptatem eaque aut error pariatur. Nemo et iste porro aut. Autem dolorem voluptatem ut. Voluptas et quaerat laboriosam autem. Illo rerum impedit itaque totam debitis voluptas rem.', 0, '2018-06-18 06:18:48', '2018-06-18 06:18:48'),
(160, 5, 'Myron Rutherford', 'Quo eius laborum in neque quisquam. Maxime dolorum consequatur inventore. Ducimus laborum autem eligendi non illo est omnis. A officiis vitae voluptatem numquam voluptate.', 2, '2018-06-18 06:18:48', '2018-06-18 06:18:48'),
(161, 44, 'Keith Schulist PhD', 'Rerum numquam maxime soluta repellat. Perferendis dolorem vitae quia recusandae ut tempore iusto. Hic rerum id facilis dolores. Ipsam voluptatem quia officiis. Aut dolorum ipsum adipisci architecto quod adipisci.', 0, '2018-06-18 06:18:48', '2018-06-18 06:18:48'),
(162, 27, 'Prof. Bradly Keeling', 'Vel voluptatibus eaque totam ab aliquid laborum. Soluta officia numquam labore quos fugit inventore accusantium. Neque nihil est odio laboriosam similique ut.', 1, '2018-06-18 06:18:48', '2018-06-18 06:18:48'),
(163, 5, 'Emmie Heaney', 'Quod laborum quisquam fugiat in. Sit maxime occaecati nulla omnis tenetur quibusdam aspernatur aliquam. Quam asperiores incidunt dolore quae.', 5, '2018-06-18 06:18:48', '2018-06-18 06:18:48'),
(164, 42, 'Prof. Haley Ullrich Sr.', 'Dolorem corrupti consequatur molestiae sit. Dolores provident aut modi voluptatum quo impedit nihil reiciendis. Aliquid qui rerum quia sunt aliquam nostrum autem. Maiores cum est maxime magni voluptas velit in.', 1, '2018-06-18 06:18:48', '2018-06-18 06:18:48'),
(165, 28, 'Larry Runte', 'Est reiciendis deserunt rerum. Sit aliquid libero ea eum. Laboriosam aut itaque voluptatem. Non aperiam dolorum in et.', 3, '2018-06-18 06:18:48', '2018-06-18 06:18:48'),
(166, 47, 'Mr. Rahul Parisian Jr.', 'Voluptatum qui dolore impedit consequatur eos illo. Deleniti velit et quam in praesentium voluptas. Tempore quae blanditiis aliquid temporibus modi repellat. Id aut occaecati et nulla voluptatem cumque distinctio.', 5, '2018-06-18 06:18:48', '2018-06-18 06:18:48'),
(168, 30, 'Claud Bogisich IV', 'Similique error perspiciatis consequatur iusto aperiam quia voluptas. Dolor aut vel accusantium aut qui et. Numquam ratione dolores corporis delectus. Fugiat saepe sed architecto error facilis in quod. Et enim aspernatur temporibus quisquam minima.', 3, '2018-06-18 06:18:48', '2018-06-18 06:18:48'),
(169, 38, 'Prof. Favian Hintz', 'Ut et a repudiandae dolorem architecto. Blanditiis delectus voluptatum omnis aut eum. Explicabo libero qui distinctio vitae molestias eligendi et.', 5, '2018-06-18 06:18:48', '2018-06-18 06:18:48'),
(170, 44, 'Eula Nitzsche', 'Veniam rerum ipsum nemo cumque non tempore ratione. Earum blanditiis molestiae et et qui excepturi magnam. Aut omnis quisquam placeat aliquam numquam.', 2, '2018-06-18 06:18:48', '2018-06-18 06:18:48'),
(171, 3, 'Marguerite Streich', 'Sit nihil suscipit perspiciatis et quasi voluptatem illo. Qui id accusamus dolorem odit quidem aut consequatur. Adipisci voluptate id aut mollitia.', 5, '2018-06-18 06:18:48', '2018-06-18 06:18:48'),
(172, 41, 'Weston Feeney', 'Aut in tempore a cum eveniet. Necessitatibus inventore tempore ab aut dolorem.', 3, '2018-06-18 06:18:48', '2018-06-18 06:18:48'),
(173, 48, 'Ms. Joana Bergstrom DVM', 'Voluptates qui velit ut modi. Laborum commodi nam id. Eveniet corporis et autem blanditiis veritatis omnis libero dicta. A laudantium magnam tempora molestiae.', 2, '2018-06-18 06:18:48', '2018-06-18 06:18:48'),
(174, 37, 'Amalia Labadie', 'Perferendis voluptatem rerum deleniti tempora inventore soluta. Dolores culpa voluptas quia sed. Possimus et nesciunt dolores repellat. Culpa amet consectetur ea quam illo.', 1, '2018-06-18 06:18:48', '2018-06-18 06:18:48'),
(175, 10, 'Mafalda Steuber', 'Atque corporis aliquid rerum autem voluptas autem quo. Cupiditate quia hic delectus et est architecto assumenda neque. Aut in placeat tempore est eum ipsa.', 3, '2018-06-18 06:18:48', '2018-06-18 06:18:48'),
(176, 36, 'Vivianne Powlowski', 'Labore quae iste minus eum aut iste aspernatur. Non sit ducimus laboriosam commodi quis. Soluta officia et odio nesciunt dignissimos ut. Soluta ut occaecati est aspernatur.', 3, '2018-06-18 06:18:48', '2018-06-18 06:18:48'),
(177, 38, 'Gregg Fritsch', 'Aliquid et ex voluptatem facere odio consequuntur laudantium. Facere blanditiis harum voluptatem vel. At quae iste atque enim incidunt ut consectetur. Aut expedita rerum tempore sit.', 3, '2018-06-18 06:18:48', '2018-06-18 06:18:48'),
(178, 45, 'Orville Ledner V', 'Aspernatur quos odit quidem ea distinctio. Ea doloribus natus est libero voluptatibus et. Odio vitae error quidem quis nam.', 4, '2018-06-18 06:18:48', '2018-06-18 06:18:48'),
(179, 29, 'Luella Kuhlman', 'Error aut aut omnis minima id. Voluptas dicta et vero assumenda quis aut facilis. Quae est aut nesciunt modi.', 0, '2018-06-18 06:18:48', '2018-06-18 06:18:48'),
(180, 36, 'Daisy Smitham', 'Tenetur consequuntur mollitia iure sed quasi dolore. Accusamus omnis laborum est aut consectetur at ut.', 2, '2018-06-18 06:18:48', '2018-06-18 06:18:48'),
(181, 7, 'Sibyl Jaskolski', 'Praesentium qui facere nulla incidunt expedita ut ipsam molestiae. Iure aut quos velit aliquid quos. Suscipit ut dolore nostrum iure ut laborum minima. Eius quidem excepturi labore aperiam.', 3, '2018-06-18 06:18:48', '2018-06-18 06:18:48'),
(182, 46, 'Dagmar Kemmer', 'Rem reiciendis blanditiis debitis. Corrupti consequatur odit reiciendis ut quo et eos quia. Id quasi qui officia laborum nemo dicta. Dicta ratione quis exercitationem ut.', 5, '2018-06-18 06:18:48', '2018-06-18 06:18:48'),
(183, 5, 'Prof. Deja Lynch', 'Id est dolor qui laboriosam tempore et voluptatem. Suscipit ullam natus explicabo quasi repellat temporibus unde. Corrupti nobis ab quia facere. Veniam quo in temporibus ut doloribus. Excepturi sit earum enim.', 1, '2018-06-18 06:18:48', '2018-06-18 06:18:48'),
(184, 34, 'Viviane Heller', 'Cum perspiciatis quo ut officia. Ut a laudantium nihil est incidunt ut suscipit. Quia provident distinctio sit voluptatem. Nesciunt non dolores quia sunt eveniet error et.', 0, '2018-06-18 06:18:48', '2018-06-18 06:18:48'),
(185, 47, 'Francisca Bergstrom', 'Impedit rerum veritatis quidem rerum autem eum. Veritatis possimus suscipit eos. In voluptatem ullam unde mollitia sit officia. Sit quasi nulla nisi voluptatibus.', 4, '2018-06-18 06:18:48', '2018-06-18 06:18:48'),
(186, 35, 'Gianni Beier', 'Inventore voluptas dolores sunt consectetur non. Quia ea omnis perspiciatis dignissimos eum. Quae esse ut rerum voluptate quod. Molestiae fuga iure excepturi dolorum voluptatibus quis. Officiis minus quasi commodi quo tenetur deserunt.', 5, '2018-06-18 06:18:48', '2018-06-18 06:18:48'),
(187, 38, 'Troy Paucek', 'Occaecati est quas nostrum id natus odit. Excepturi qui labore perspiciatis illum non sunt. Qui rem ad quibusdam maiores assumenda.', 0, '2018-06-18 06:18:48', '2018-06-18 06:18:48'),
(188, 31, 'Myra Parker DDS', 'Sunt quae exercitationem voluptatem voluptatum beatae. Enim at et odit quas eum libero animi. Sit rerum qui dolorem dolor occaecati mollitia dolores esse. Aut voluptas nesciunt minima porro nam facere.', 1, '2018-06-18 06:18:48', '2018-06-18 06:18:48'),
(189, 48, 'Prof. Clement Hodkiewicz', 'Facere repellendus quia facere dignissimos et dignissimos. Quasi maxime facere consequatur eos dolore similique. Deleniti quidem perferendis possimus beatae voluptatem beatae possimus non. Voluptatem numquam nobis quae similique.', 1, '2018-06-18 06:18:48', '2018-06-18 06:18:48'),
(190, 45, 'Adam Doyle', 'Id culpa qui deleniti molestiae impedit qui est. Facilis et modi autem voluptatem iusto. Est praesentium quis veritatis voluptatem. Tempora deleniti consequatur dolorem repudiandae autem.', 4, '2018-06-18 06:18:48', '2018-06-18 06:18:48'),
(191, 35, 'Raoul Watsica', 'Consequuntur est quia quidem. Voluptatem consequuntur quo ipsum hic assumenda sunt necessitatibus.', 1, '2018-06-18 06:18:48', '2018-06-18 06:18:48'),
(192, 36, 'Dr. Ignatius Kovacek', 'Asperiores mollitia deleniti enim occaecati quia perspiciatis. Vero numquam maxime possimus officia aut est. Dolores impedit similique laborum excepturi tempore iusto aut dicta.', 1, '2018-06-18 06:18:48', '2018-06-18 06:18:48'),
(193, 11, 'Elaina Marquardt', 'Odio distinctio veniam assumenda tempora beatae. Reprehenderit atque unde facere nam. Voluptate est id voluptas voluptate ad voluptatibus. Unde magnam odit voluptas aliquam ipsa accusamus.', 3, '2018-06-18 06:18:48', '2018-06-18 06:18:48'),
(194, 24, 'Prof. Chance Bernier', 'Maiores tempore modi ex sed id. Molestiae eligendi necessitatibus sint. Qui velit sed quasi provident quo delectus qui.', 1, '2018-06-18 06:18:48', '2018-06-18 06:18:48'),
(195, 30, 'Prof. Julien Jast', 'Rerum omnis dignissimos quas aut omnis. Voluptatem explicabo natus magni sunt qui velit modi. Saepe atque magni aspernatur error ducimus.', 1, '2018-06-18 06:18:48', '2018-06-18 06:18:48'),
(196, 19, 'Lauretta Lakin', 'Quaerat commodi vel enim ad veritatis vero. Iure voluptatem repellendus et illo. Sed nostrum qui voluptatem similique nihil laborum consequuntur.', 3, '2018-06-18 06:18:48', '2018-06-18 06:18:48'),
(197, 2, 'Prof. Tyler Beier Sr.', 'Est id explicabo omnis aperiam veniam repellat omnis. Deleniti beatae amet modi iusto qui optio. Rerum deserunt est debitis iste iure explicabo.', 3, '2018-06-18 06:18:48', '2018-06-18 06:18:48'),
(198, 28, 'Citlalli Conroy', 'Reiciendis adipisci assumenda sit libero. Corrupti blanditiis id incidunt vel odio. Dolore ducimus eum vero provident iusto.', 1, '2018-06-18 06:18:48', '2018-06-18 06:18:48'),
(199, 19, 'Gerson Rempel', 'Blanditiis recusandae qui suscipit possimus est veniam ex. Sapiente fugit sunt recusandae laborum dolor. Neque aliquam dicta dolorum voluptas necessitatibus adipisci ad. Aliquid est nobis tempora.', 4, '2018-06-18 06:18:48', '2018-06-18 06:18:48'),
(200, 28, 'Kyra Schulist DDS', 'Sint sed neque animi ea commodi. Voluptas omnis in fugit aut. Reiciendis ea optio tempora itaque sed vel in.', 1, '2018-06-18 06:18:48', '2018-06-18 06:18:48'),
(201, 8, 'Willa Lueilwitz', 'Sit cum exercitationem voluptatum rerum qui est. Nihil dolorum ut vitae est eum magnam. Rerum eos quidem facere expedita. Officia commodi quod sapiente alias perferendis.', 1, '2018-06-18 06:18:48', '2018-06-18 06:18:48'),
(202, 12, 'Khalid Bashirian', 'Non iste est totam alias vitae autem modi. Molestias aut cupiditate officiis.', 0, '2018-06-18 06:18:48', '2018-06-18 06:18:48'),
(203, 8, 'Mac Wintheiser', 'Omnis vero ipsam vel repudiandae aut omnis et. Est sunt sequi ipsum deleniti adipisci veniam. Sed non qui voluptatem nemo totam. Non at ea cupiditate ipsa repellendus explicabo.', 0, '2018-06-18 06:18:48', '2018-06-18 06:18:48'),
(204, 13, 'Kira Feeney', 'Omnis commodi tempore sed dolorem dolor illo laudantium sed. Minus sit impedit ut nihil ex dolor id. Non soluta perferendis dolor qui quam aut.', 5, '2018-06-18 06:18:48', '2018-06-18 06:18:48'),
(205, 12, 'Prof. Kamren Fahey', 'Expedita dolorem sint aut possimus rem. Non pariatur et vel nisi aut a omnis. Labore veniam voluptas quasi accusamus voluptas dolor. Molestiae quaerat placeat soluta et aut. Animi dolor dolorem temporibus sit nam quaerat totam animi.', 0, '2018-06-18 06:18:48', '2018-06-18 06:18:48'),
(206, 45, 'Dr. Janiya Hessel', 'Et dicta ea voluptatem assumenda et earum. Blanditiis quia inventore nobis doloribus non. Qui enim eius modi accusamus.', 0, '2018-06-18 06:18:48', '2018-06-18 06:18:48'),
(207, 14, 'Dovie Ondricka', 'Ut id quia ut dolor consectetur voluptate veniam quaerat. Tenetur modi optio optio quis sed autem itaque nihil. Cum minus dolor similique at. Tenetur accusamus neque quis voluptatem odit. Porro id quae laborum.', 0, '2018-06-18 06:18:48', '2018-06-18 06:18:48'),
(208, 13, 'Elinore Kertzmann', 'Eos est mollitia labore cum explicabo magnam iusto quia. Vitae odio eveniet itaque et sunt qui quibusdam. Et corrupti inventore quis aperiam quasi est repellat.', 4, '2018-06-18 06:18:48', '2018-06-18 06:18:48'),
(209, 20, 'Albin Corkery', 'Tenetur voluptatibus molestias quos et qui. Ut fugiat et quasi ut ut. Est exercitationem sed delectus itaque. Expedita error vel earum expedita.', 4, '2018-06-18 06:18:48', '2018-06-18 06:18:48'),
(210, 21, 'Earnestine Parker', 'Quidem culpa ipsa officiis et qui voluptatibus et. Ea ipsum qui molestiae enim. Blanditiis sapiente tenetur illum non eveniet rerum. Cumque voluptatem cumque repudiandae quo.', 3, '2018-06-18 06:18:48', '2018-06-18 06:18:48'),
(211, 19, 'Dashawn Orn', 'Quia laboriosam fugiat voluptas. Sit placeat quis libero non reiciendis qui laboriosam. Autem in consequatur deserunt molestias placeat. Explicabo et quia nisi ea omnis distinctio esse.', 3, '2018-06-18 06:18:48', '2018-06-18 06:18:48'),
(212, 17, 'Jocelyn Murphy', 'Iure harum numquam itaque necessitatibus praesentium ipsa. Voluptatum et necessitatibus aut impedit. Maxime fuga est dolor id. Accusantium qui doloribus ipsum ea.', 1, '2018-06-18 06:18:48', '2018-06-18 06:18:48'),
(213, 13, 'Kristina Maggio', 'Aut iusto sed qui est non. Quo ratione eveniet id est vitae eos. Quo praesentium deserunt autem. Earum enim consequatur est consequatur officia ut.', 4, '2018-06-18 06:18:48', '2018-06-18 06:18:48'),
(214, 18, 'Rita Trantow', 'Nulla ut perferendis inventore sint rem aut. Omnis necessitatibus possimus exercitationem hic beatae et et. Commodi eaque nostrum et provident fuga quia dolore sed. Quidem saepe non vero modi non.', 4, '2018-06-18 06:18:48', '2018-06-18 06:18:48');
INSERT INTO `reviews` (`id`, `product_id`, `customer`, `review`, `star`, `created_at`, `updated_at`) VALUES
(215, 23, 'Mr. Cruz Ritchie III', 'Ab occaecati sunt porro enim natus. Nam recusandae nobis sed magnam dolorem molestiae sint omnis. Quis possimus expedita saepe aut molestiae totam et adipisci.', 5, '2018-06-18 06:18:48', '2018-06-18 06:18:48'),
(216, 44, 'Mrs. Allie Runolfsson I', 'Aliquid saepe et ut repellendus rerum. Architecto dolorem quidem incidunt voluptas eos perferendis ut fuga. Veritatis dolores molestiae voluptatibus nisi adipisci. Qui veritatis vitae rerum mollitia magni soluta ut laudantium. Totam porro iusto ut.', 2, '2018-06-18 06:18:48', '2018-06-18 06:18:48'),
(217, 2, 'Valentina Wilderman', 'Velit omnis ut ipsam suscipit et commodi repellendus. Molestiae suscipit ea dicta eius consequatur maiores veritatis atque. Provident minus quia rerum ratione provident et vel nostrum. Et magnam non harum fugit id.', 2, '2018-06-18 06:18:48', '2018-06-18 06:18:48'),
(218, 33, 'Dr. Cruz Wisoky', 'Architecto eum et voluptatum voluptatum. Quo porro et commodi. Quaerat nesciunt modi repellendus repellendus quidem pariatur.', 4, '2018-06-18 06:18:48', '2018-06-18 06:18:48'),
(219, 39, 'Brandy Kihn PhD', 'Totam aut autem corrupti cupiditate in dolorem. Odit dolorem necessitatibus sit officia. Delectus consequuntur et ipsa voluptatem veniam. Ducimus tempora placeat recusandae amet earum.', 4, '2018-06-18 06:18:48', '2018-06-18 06:18:48'),
(220, 11, 'Mack Carter Sr.', 'Iure exercitationem consequatur est sed. Ab et perspiciatis quibusdam culpa. Facilis laudantium sint et ut. Dolorem commodi quod ea. Quo possimus illum delectus sed et est consequuntur.', 1, '2018-06-18 06:18:48', '2018-06-18 06:18:48'),
(221, 13, 'Mariela Strosin', 'Suscipit autem quam deserunt eaque ex. Explicabo sed nisi neque et. Similique amet ratione numquam et quidem.', 4, '2018-06-18 06:18:48', '2018-06-18 06:18:48'),
(222, 47, 'Tess Barton', 'Quasi et velit sed. Exercitationem id consequatur error. Quasi animi praesentium aperiam perspiciatis asperiores voluptas soluta. Dolorem dolore et ullam autem.', 1, '2018-06-18 06:18:48', '2018-06-18 06:18:48'),
(223, 48, 'Mr. Adolf McLaughlin', 'Aut nemo qui consequatur consectetur cum repellat adipisci facere. Vel in et optio nihil perferendis iure necessitatibus. Voluptatem at ratione quo qui. Cum eaque assumenda natus explicabo labore distinctio nesciunt vitae.', 5, '2018-06-18 06:18:48', '2018-06-18 06:18:48'),
(224, 25, 'Daphney Robel', 'Tenetur aut rerum est aut porro ut. Voluptatem debitis qui incidunt aut fugiat eveniet ratione. Et corporis ut quas eum dolor. Temporibus omnis ut reiciendis impedit.', 3, '2018-06-18 06:18:48', '2018-06-18 06:18:48'),
(225, 47, 'Arielle Bernier', 'Nesciunt qui autem corrupti tempore delectus provident eligendi enim. Voluptatem quis illum consectetur magnam qui consequuntur. Quo iste corporis autem ex magni ut praesentium. Et unde excepturi qui facilis quo. Ipsa quod omnis ipsam culpa ut.', 5, '2018-06-18 06:18:48', '2018-06-18 06:18:48'),
(226, 15, 'Dr. Zane Kuvalis PhD', 'Est tempore explicabo fugit eum voluptates. Similique et voluptatum et porro. Delectus voluptates quia dolor ipsa pariatur deserunt.', 0, '2018-06-18 06:18:48', '2018-06-18 06:18:48'),
(227, 24, 'Madelyn Russel', 'Rerum et ex nihil aut in a. Quia aut ea natus quam. Ad consequatur iure omnis facere possimus cum quis. Quos quo est iusto omnis quis.', 2, '2018-06-18 06:18:48', '2018-06-18 06:18:48'),
(228, 29, 'Yazmin Carter', 'Qui porro temporibus corrupti quidem magni. Officiis ab occaecati dolorem eius placeat tempora vel sint. Dolor eius rerum minima atque nam adipisci aspernatur. Perspiciatis facere voluptas possimus quo unde iusto.', 4, '2018-06-18 06:18:48', '2018-06-18 06:18:48'),
(229, 6, 'Dayton Rath', 'Et similique voluptas ut magnam magnam quos nam. Ad aliquid blanditiis ratione saepe voluptatem velit est. Ut qui velit laborum consequatur rerum ipsa recusandae culpa. Quia harum et quisquam aut molestiae soluta. Occaecati aspernatur earum commodi dolorum in.', 0, '2018-06-18 06:18:48', '2018-06-18 06:18:48'),
(230, 31, 'Mr. Doris Graham DVM', 'Modi tempore accusamus mollitia voluptas. Repellendus odio consectetur aut sapiente mollitia qui. Facere qui neque voluptatibus id similique laborum corporis incidunt.', 1, '2018-06-18 06:18:48', '2018-06-18 06:18:48'),
(231, 25, 'Kianna Hammes', 'Voluptates dolores dicta ut eligendi necessitatibus. Magni asperiores recusandae sequi dicta. Sed deserunt ab tempore aspernatur voluptatibus. Inventore perspiciatis voluptas beatae repellat reiciendis asperiores qui.', 3, '2018-06-18 06:18:48', '2018-06-18 06:18:48'),
(232, 39, 'Quinten Green', 'Inventore in et inventore. Veritatis qui et ea velit vero. Minus dolor quia omnis sint laudantium natus et magnam.', 4, '2018-06-18 06:18:48', '2018-06-18 06:18:48'),
(233, 40, 'Sibyl Kulas', 'Magni impedit nam recusandae id. Dolorem sunt esse illo excepturi vitae et pariatur. Sit ad voluptatibus quibusdam odit.', 2, '2018-06-18 06:18:48', '2018-06-18 06:18:48'),
(234, 14, 'Haylie Hilpert', 'Et accusamus vel ut sit reprehenderit. Voluptas animi vero voluptatem. Expedita quo velit fuga dolor aut aliquid est.', 5, '2018-06-18 06:18:48', '2018-06-18 06:18:48'),
(235, 23, 'Karley Rosenbaum', 'Quibusdam repudiandae deleniti unde et et. Et recusandae sit harum sit ut cupiditate consequuntur. Veritatis quasi facilis consequatur nostrum velit vitae. Tempore eaque quo aut.', 2, '2018-06-18 06:18:48', '2018-06-18 06:18:48'),
(236, 10, 'Pearline Beier', 'Ex voluptate hic placeat in. Sed molestiae eveniet minima vel sit harum. Maxime earum dolor voluptatum repudiandae minus nulla. Voluptas eaque dolorem sit nemo debitis repudiandae.', 3, '2018-06-18 06:18:48', '2018-06-18 06:18:48'),
(237, 39, 'Rosalia Vandervort PhD', 'Facilis in dolores ut et. Modi ad blanditiis possimus eos quas dignissimos. Sapiente animi impedit ut perspiciatis. Ea animi molestias cupiditate accusantium id consequatur sed velit.', 2, '2018-06-18 06:18:48', '2018-06-18 06:18:48'),
(238, 47, 'Dr. Kian Watsica II', 'Placeat repellendus qui omnis et. Itaque non aliquid laboriosam iure. Dolores inventore illo distinctio sed deserunt recusandae. Vitae odit repudiandae dolorem omnis.', 5, '2018-06-18 06:18:48', '2018-06-18 06:18:48'),
(239, 46, 'Miss Madaline Spinka', 'Enim officia est in pariatur accusantium aliquam. Veniam totam pariatur consectetur et suscipit. Et nisi et aut et quas dolorem. Ex asperiores earum nesciunt pariatur similique consequatur vero nihil.', 2, '2018-06-18 06:18:48', '2018-06-18 06:18:48'),
(240, 21, 'Kylee Bayer', 'Dolore ipsa eligendi vero sapiente magni earum perspiciatis. Quia assumenda vitae et sint velit suscipit expedita. Molestiae earum ut deserunt. Animi et aut incidunt ut ex enim recusandae id.', 1, '2018-06-18 06:18:48', '2018-06-18 06:18:48'),
(241, 7, 'Nina Ullrich', 'Consequatur sed ducimus nulla quasi. Delectus expedita officiis optio perferendis. Modi nam saepe optio exercitationem et molestiae. Ut nihil laboriosam voluptatem quo saepe magni.', 2, '2018-06-18 06:18:48', '2018-06-18 06:18:48'),
(242, 1, 'Esther Dibbert', 'Ut non molestiae qui totam iure perspiciatis eum. Ipsa aut deserunt quae quos autem voluptas. Doloremque ad explicabo itaque dolorem. Est minima deserunt voluptas.', 3, '2018-06-18 06:18:48', '2018-06-18 06:18:48'),
(243, 37, 'Mrs. Anahi Volkman PhD', 'Omnis eveniet sed aliquam ut magni totam. Sed perferendis consectetur corporis odit. Itaque quasi unde nesciunt consequatur facere qui ea. Rerum earum quam dolor non expedita illo.', 3, '2018-06-18 06:18:48', '2018-06-18 06:18:48'),
(244, 33, 'Mrs. Laurence Weimann', 'Aut aut impedit velit sit. Corrupti voluptatem voluptatem non ipsa sapiente. Ut soluta excepturi occaecati sed voluptas. Est libero ut aut eligendi et.', 4, '2018-06-18 06:18:48', '2018-06-18 06:18:48'),
(245, 42, 'Rick Zemlak', 'Consequatur et deleniti sit consequatur cum consequatur. Perferendis voluptates aut quidem nesciunt dolores. Blanditiis nesciunt asperiores impedit. Enim magni iste quaerat reiciendis consequatur aperiam consequuntur.', 2, '2018-06-18 06:18:48', '2018-06-18 06:18:48'),
(246, 18, 'Kristin Pacocha', 'Eligendi iusto autem mollitia corrupti aliquid neque sint autem. Molestias eum nobis omnis aspernatur neque. Deserunt illo soluta nisi labore distinctio et quo provident.', 5, '2018-06-18 06:18:48', '2018-06-18 06:18:48'),
(247, 40, 'Dr. Johnathon McClure', 'Placeat ullam et consequatur unde. Et ullam veniam aut et modi. Dolor quae illum tenetur tempore.', 5, '2018-06-18 06:18:48', '2018-06-18 06:18:48'),
(248, 48, 'Elyse Ondricka I', 'Est dolore accusantium quia quod. Aperiam odio non aliquid voluptatem facilis. Aut quibusdam iusto quasi molestias. Debitis dolorem tempora sapiente quia ipsam nisi.', 3, '2018-06-18 06:18:48', '2018-06-18 06:18:48'),
(249, 4, 'Joshua Smith', 'Harum voluptatum tempora doloribus assumenda at tempora. Recusandae dicta quia deleniti sunt accusantium quod. Rerum sed ab enim occaecati occaecati.', 0, '2018-06-18 06:18:48', '2018-06-18 06:18:48'),
(250, 46, 'Chance Wunsch', 'Consectetur unde quos fugiat repellat ut non. Qui vel quis veniam assumenda neque sit. Tempora harum quasi ad officia qui eaque ut.', 5, '2018-06-18 06:18:48', '2018-06-18 06:18:48'),
(251, 9, 'Tiana Thiel', 'Consequatur nihil esse quo eligendi et. Consequatur velit officia et id. Dolore cum magnam sunt rerum perspiciatis illo. Ipsa odit ea repellendus eius qui.', 2, '2018-06-18 06:18:48', '2018-06-18 06:18:48'),
(252, 42, 'Howard Lubowitz', 'Nisi eos voluptatibus ducimus amet facilis omnis. Temporibus architecto quasi ipsam sapiente. Aperiam necessitatibus possimus eveniet optio sit.', 3, '2018-06-18 06:18:48', '2018-06-18 06:18:48'),
(253, 35, 'Rosemary O\'Kon', 'Odio distinctio quas maxime maiores in quae est. Possimus dicta ducimus aut sit alias non aut accusamus. Fugit architecto odio qui doloribus aspernatur quo est. Atque consectetur et dolorem occaecati repellendus. Perferendis dolorem repudiandae adipisci quo.', 5, '2018-06-18 06:18:48', '2018-06-18 06:18:48'),
(254, 26, 'Mr. Alexzander Fritsch PhD', 'Autem sint error deleniti voluptatum. Quo qui voluptatem fugit provident. Dolorem corporis ut facere ducimus.', 3, '2018-06-18 06:18:48', '2018-06-18 06:18:48'),
(255, 12, 'Drake Denesik', 'Esse aut alias temporibus soluta saepe. Quis sit dolores et. Molestias iusto expedita dignissimos quasi aperiam consequuntur.', 2, '2018-06-18 06:18:48', '2018-06-18 06:18:48'),
(256, 33, 'Carlee Fisher V', 'Rem sunt modi harum aut et quos. Quo pariatur veniam nulla distinctio. Et sed et et explicabo.', 5, '2018-06-18 06:18:48', '2018-06-18 06:18:48'),
(257, 37, 'Mr. Irving Corwin', 'Minus vel aut alias aut earum architecto qui commodi. Blanditiis sint et magni a. Ipsam laborum reiciendis eveniet at aliquam esse consequatur ut. Molestiae dicta qui sit necessitatibus nam officia enim. Qui rerum voluptatem voluptas aut ullam occaecati non.', 3, '2018-06-18 06:18:48', '2018-06-18 06:18:48'),
(258, 43, 'Jerrod King', 'Autem facere et vitae vel. Voluptatum voluptas ut porro quo. Et asperiores qui debitis rerum quibusdam.', 0, '2018-06-18 06:18:48', '2018-06-18 06:18:48'),
(259, 42, 'Christophe Hickle', 'Cupiditate dolore excepturi dignissimos reprehenderit sunt ea officiis. Et atque voluptas ipsam maiores distinctio consequuntur. Nobis sint vel ea qui est tempore.', 4, '2018-06-18 06:18:48', '2018-06-18 06:18:48'),
(260, 25, 'Ms. Edyth Wiegand', 'Assumenda et dolore ipsum temporibus nisi fugit corporis. Omnis rem ab distinctio animi aut. Iusto incidunt non dolores ullam voluptatem repellat corrupti. Animi hic suscipit est.', 5, '2018-06-18 06:18:48', '2018-06-18 06:18:48'),
(261, 44, 'Sarina O\'Reilly', 'Porro beatae iste et sequi culpa. Tenetur nam est placeat. Voluptates autem sed quos aspernatur voluptatum voluptatum. Commodi esse rerum aliquam cum aut repellat optio.', 1, '2018-06-18 06:18:48', '2018-06-18 06:18:48'),
(262, 24, 'Prof. Brad Schuster', 'Nobis fugit quod rerum eos et. Modi et delectus rem ratione. Velit illum excepturi dolore quia molestias omnis placeat pariatur.', 2, '2018-06-18 06:18:48', '2018-06-18 06:18:48'),
(263, 23, 'Hettie Ledner', 'Adipisci porro et velit error consequuntur voluptatem explicabo aliquid. Assumenda dolorem ut eum consequuntur minima sed. Nostrum sapiente modi et quo eaque. Consequatur quidem qui aut nulla assumenda aliquam corporis.', 2, '2018-06-18 06:18:48', '2018-06-18 06:18:48'),
(264, 31, 'Ms. Concepcion O\'Conner', 'Neque natus iste aliquam perferendis illum repellendus. Nulla labore tempore sit consequatur sunt tempora quaerat. Molestiae perspiciatis officia quis. Ab ex rerum repudiandae.', 0, '2018-06-18 06:18:48', '2018-06-18 06:18:48'),
(265, 46, 'Prof. Annabelle Weimann', 'Quo mollitia minima voluptas eos cum. Corrupti commodi quia nihil aliquid. Eaque cupiditate adipisci qui ad molestias.', 5, '2018-06-18 06:18:48', '2018-06-18 06:18:48'),
(266, 24, 'Chaim Erdman', 'Laboriosam illum ipsa officiis. Aut delectus nam quis porro ipsum. Qui quas harum architecto voluptates harum qui. Fuga ipsum et dolor nobis quo.', 3, '2018-06-18 06:18:48', '2018-06-18 06:18:48'),
(267, 32, 'Magali Schulist I', 'Ut tempora excepturi doloremque nobis ut ut nihil fugiat. Voluptas delectus est impedit reprehenderit possimus. Vero temporibus dolorem saepe aut sed ut sunt.', 2, '2018-06-18 06:18:48', '2018-06-18 06:18:48'),
(268, 11, 'Dr. Heber Emmerich', 'Cupiditate possimus temporibus quia dolores deleniti nihil laboriosam. Expedita aut molestiae mollitia dolor. Ipsam sed vel officia eos facilis. Mollitia dolor voluptatem dolores consectetur dolores. Voluptates omnis omnis dolor voluptatem sequi voluptas doloremque.', 5, '2018-06-18 06:18:48', '2018-06-18 06:18:48'),
(269, 2, 'Theresa DuBuque V', 'Ut qui necessitatibus voluptatum ut ea facere. Similique quia neque dolor qui totam. Molestias velit aliquam molestias aut voluptas qui. Optio incidunt minus beatae reprehenderit.', 0, '2018-06-18 06:18:48', '2018-06-18 06:18:48'),
(270, 17, 'Dr. Donnie Braun', 'Qui sunt voluptatum unde doloremque autem temporibus alias. Autem ea dolores pariatur ipsum. Eos explicabo sunt et unde sit ut modi.', 2, '2018-06-18 06:18:48', '2018-06-18 06:18:48'),
(271, 11, 'Alexandrine Harvey II', 'Aut consectetur ipsam est voluptas. Error fugit autem deserunt et nisi. At est aut aut magnam eum libero et omnis. Tempora deleniti explicabo et maxime optio rerum illum.', 5, '2018-06-18 06:18:48', '2018-06-18 06:18:48'),
(272, 44, 'Kelley Braun', 'Delectus eos delectus velit veritatis vel placeat. Amet iusto rem aut corporis. Voluptatem dolorem magnam earum aut quidem saepe. In mollitia nihil ut delectus laudantium.', 4, '2018-06-18 06:18:48', '2018-06-18 06:18:48'),
(273, 44, 'Dr. Devin Vandervort IV', 'Exercitationem eos qui expedita est aut ipsam. Voluptas sed in quos. Autem soluta et dolorem possimus velit. Dignissimos cupiditate nam voluptas eos quia libero.', 2, '2018-06-18 06:18:48', '2018-06-18 06:18:48'),
(274, 2, 'Carson Hudson', 'Suscipit ipsa repudiandae et officia similique. Qui ab provident veniam enim minima veniam vel. Illo odit id sunt iusto.', 3, '2018-06-18 06:18:48', '2018-06-18 06:18:48'),
(275, 17, 'Orval Ratke', 'Aut et vitae ratione animi. Quae consequatur voluptas illum vero. Debitis in sapiente repudiandae velit aliquid. Sed harum quaerat et saepe recusandae omnis nam. Sint qui officiis ut.', 4, '2018-06-18 06:18:48', '2018-06-18 06:18:48'),
(276, 41, 'Mr. Arjun Volkman', 'Sapiente dolore voluptatem maiores aliquam assumenda et suscipit. Aspernatur et commodi veritatis et. Error ducimus cumque in sit placeat ipsam.', 0, '2018-06-18 06:18:48', '2018-06-18 06:18:48'),
(277, 38, 'Shaylee Gottlieb III', 'Qui facilis voluptates aut blanditiis vel minima culpa. Quas ex adipisci tenetur est excepturi quam et. Natus facilis fuga sit perferendis consectetur eveniet. Sequi totam accusamus ad voluptate eos iusto.', 1, '2018-06-18 06:18:48', '2018-06-18 06:18:48'),
(278, 10, 'Jammie Leuschke II', 'Est rerum commodi incidunt repudiandae laborum. Quia eius tempore est voluptas. Ipsam aut et illo architecto et.', 2, '2018-06-18 06:18:48', '2018-06-18 06:18:48'),
(279, 22, 'Zella Wehner', 'Magni eaque quo sed adipisci. Et molestiae quidem optio veniam alias mollitia facere. Rerum et est saepe necessitatibus quia illo libero.', 3, '2018-06-18 06:18:48', '2018-06-18 06:18:48'),
(280, 26, 'Mr. Ulises Kirlin DVM', 'Fugiat nostrum voluptatem aut ad. Quidem cupiditate quaerat molestiae. Quaerat beatae sit sunt voluptatibus quidem et ut. Magnam sit et est at totam.', 3, '2018-06-18 06:18:48', '2018-06-18 06:18:48'),
(281, 36, 'Sheila Barrows', 'Nesciunt deserunt dolores reprehenderit sed rem et veritatis. Ullam quod deserunt laudantium. Nobis ut sit qui sunt quia quas aut.', 1, '2018-06-18 06:18:48', '2018-06-18 06:18:48'),
(282, 18, 'Miss Sandra Schowalter', 'Ratione et autem officiis qui. Recusandae hic minima quaerat voluptatem quo nostrum. Alias perspiciatis eveniet temporibus deleniti eum nemo aliquid.', 3, '2018-06-18 06:18:48', '2018-06-18 06:18:48'),
(283, 39, 'Destiny Watsica Sr.', 'Quo nemo alias id repudiandae est quae aut. Unde et adipisci delectus alias sit omnis. Molestiae voluptate omnis similique porro. Quibusdam cupiditate qui autem voluptas provident ex.', 0, '2018-06-18 06:18:48', '2018-06-18 06:18:48'),
(284, 10, 'Dolly Cummerata', 'Aliquam doloribus sit amet incidunt quae. Sit quia consequatur alias esse. Omnis et laborum quia aut nihil. Recusandae molestias asperiores cum velit optio magni nesciunt.', 1, '2018-06-18 06:18:48', '2018-06-18 06:18:48'),
(285, 12, 'Jakayla Morar', 'Enim quidem voluptatem ut impedit. Velit eligendi blanditiis odio tempora. Magnam quae molestias similique sint est et. Alias fugiat molestias quia animi iusto. Aspernatur sunt nobis sapiente expedita minima autem cumque.', 2, '2018-06-18 06:18:48', '2018-06-18 06:18:48'),
(286, 1, 'Philip Lockman', 'Dolor in fugiat omnis corporis adipisci delectus enim. Assumenda facere dolores praesentium. Cumque fuga sunt ab eum. Perferendis exercitationem explicabo corporis est.', 0, '2018-06-18 06:18:48', '2018-06-18 06:18:48'),
(287, 18, 'Thomas Connelly', 'Consequatur dolor dolor consequuntur et quaerat asperiores. Recusandae voluptatem voluptate enim et impedit quis incidunt. Eos tempora blanditiis soluta vel et facere consequatur. Eaque eligendi suscipit et architecto rerum pariatur.', 0, '2018-06-18 06:18:48', '2018-06-18 06:18:48'),
(288, 20, 'Ted Kutch Jr.', 'Est praesentium corporis hic maiores enim. Quasi eos repudiandae laborum quas sed. Doloribus commodi nihil sunt enim quibusdam aperiam. Quae consequatur vel necessitatibus culpa tempore.', 5, '2018-06-18 06:18:48', '2018-06-18 06:18:48'),
(290, 25, 'Dr. Darion West', 'Rerum voluptatem ipsum beatae non recusandae beatae quos. Et non dolor ullam reprehenderit et omnis rerum. Nemo consequatur aperiam excepturi qui ea et rerum voluptatem. Ut vitae nulla et eum iusto.', 4, '2018-06-18 06:18:48', '2018-06-18 06:18:48'),
(292, 48, 'Molly Miller', 'Et dolore in et temporibus sit. Consequuntur consectetur est repellat. Quibusdam rem quia enim delectus corrupti voluptatibus est et.', 5, '2018-06-18 06:18:48', '2018-06-18 06:18:48'),
(294, 4, 'Jaden Lowe', 'Rerum dolorem voluptates sunt cumque sit omnis eos dolorem. Maiores modi et ut architecto neque. Dolor veritatis et ullam rerum voluptatum laboriosam.', 4, '2018-06-18 06:18:48', '2018-06-18 06:18:48'),
(295, 13, 'Maia Bailey', 'Laudantium est voluptatem molestias itaque nisi. Repellat aliquid veritatis consequuntur perferendis est voluptatibus. Porro aspernatur unde quasi minus amet.', 0, '2018-06-18 06:18:48', '2018-06-18 06:18:48'),
(296, 27, 'Mitchel Steuber II', 'Sunt sit sit perspiciatis id. Inventore id sapiente nesciunt architecto cum id. Dolore tenetur culpa enim ut.', 3, '2018-06-18 06:18:48', '2018-06-18 06:18:48'),
(297, 30, 'Prof. Kylie Wuckert', 'Dolorem harum numquam quibusdam. Atque perferendis a dolores eveniet dolorem minus voluptatem.', 0, '2018-06-18 06:18:48', '2018-06-18 06:18:48'),
(298, 46, 'Jessica Schmitt', 'Nostrum temporibus optio necessitatibus rerum aut doloremque fugit. Velit quod omnis dignissimos ea perspiciatis excepturi nobis. Consequatur quia incidunt beatae earum iure qui tempora cumque. Maiores suscipit laboriosam incidunt id qui quia necessitatibus et.', 1, '2018-06-18 06:18:48', '2018-06-18 06:18:48'),
(299, 32, 'Zula Weissnat', 'Dolores dolor voluptatum est consequuntur voluptatem quaerat minima. Quaerat corrupti id dolor cupiditate aut est sed rerum. Non quis iure tempora vel sapiente cum.', 1, '2018-06-18 06:18:48', '2018-06-18 06:18:48'),
(300, 19, 'Arne Ratke', 'Iusto vel eaque est aliquam sequi. Architecto quibusdam maiores eligendi veniam. Iure veritatis qui voluptatum et magnam vel eius.', 1, '2018-06-18 06:18:48', '2018-06-18 06:18:48');

-- --------------------------------------------------------

--
-- Table structure for table `users`
--

CREATE TABLE `users` (
  `id` int(10) UNSIGNED NOT NULL,
  `name` varchar(191) COLLATE utf8mb4_unicode_ci NOT NULL,
  `email` varchar(191) COLLATE utf8mb4_unicode_ci NOT NULL,
  `password` varchar(191) COLLATE utf8mb4_unicode_ci NOT NULL,
  `remember_token` varchar(100) COLLATE utf8mb4_unicode_ci DEFAULT NULL,
  `created_at` timestamp NULL DEFAULT NULL,
  `updated_at` timestamp NULL DEFAULT NULL
) ENGINE=InnoDB DEFAULT CHARSET=utf8mb4 COLLATE=utf8mb4_unicode_ci;

--
-- Dumping data for table `users`
--

INSERT INTO `users` (`id`, `name`, `email`, `password`, `remember_token`, `created_at`, `updated_at`) VALUES
(1, 'looktaan', 'll@c.com', '$2y$10$7w3zIvHHPRgQ06jwW6gTRuXERBPjtf1Ne6MjPZCMAjfeeUPbozk32', NULL, '2018-06-20 06:15:43', '2018-06-20 06:15:43');

--
-- Indexes for dumped tables
--

--
-- Indexes for table `migrations`
--
ALTER TABLE `migrations`
  ADD PRIMARY KEY (`id`);

--
-- Indexes for table `oauth_access_tokens`
--
ALTER TABLE `oauth_access_tokens`
  ADD PRIMARY KEY (`id`),
  ADD KEY `oauth_access_tokens_user_id_index` (`user_id`);

--
-- Indexes for table `oauth_auth_codes`
--
ALTER TABLE `oauth_auth_codes`
  ADD PRIMARY KEY (`id`);

--
-- Indexes for table `oauth_clients`
--
ALTER TABLE `oauth_clients`
  ADD PRIMARY KEY (`id`),
  ADD KEY `oauth_clients_user_id_index` (`user_id`);

--
-- Indexes for table `oauth_personal_access_clients`
--
ALTER TABLE `oauth_personal_access_clients`
  ADD PRIMARY KEY (`id`),
  ADD KEY `oauth_personal_access_clients_client_id_index` (`client_id`);

--
-- Indexes for table `oauth_refresh_tokens`
--
ALTER TABLE `oauth_refresh_tokens`
  ADD PRIMARY KEY (`id`),
  ADD KEY `oauth_refresh_tokens_access_token_id_index` (`access_token_id`);

--
-- Indexes for table `password_resets`
--
ALTER TABLE `password_resets`
  ADD KEY `password_resets_email_index` (`email`);

--
-- Indexes for table `products`
--
ALTER TABLE `products`
  ADD PRIMARY KEY (`id`);

--
-- Indexes for table `reviews`
--
ALTER TABLE `reviews`
  ADD PRIMARY KEY (`id`),
  ADD KEY `reviews_product_id_index` (`product_id`);

--
-- Indexes for table `users`
--
ALTER TABLE `users`
  ADD PRIMARY KEY (`id`),
  ADD UNIQUE KEY `users_email_unique` (`email`);

--
-- AUTO_INCREMENT for dumped tables
--

--
-- AUTO_INCREMENT for table `migrations`
--
ALTER TABLE `migrations`
  MODIFY `id` int(10) UNSIGNED NOT NULL AUTO_INCREMENT, AUTO_INCREMENT=10;

--
-- AUTO_INCREMENT for table `oauth_clients`
--
ALTER TABLE `oauth_clients`
  MODIFY `id` int(10) UNSIGNED NOT NULL AUTO_INCREMENT, AUTO_INCREMENT=3;

--
-- AUTO_INCREMENT for table `oauth_personal_access_clients`
--
ALTER TABLE `oauth_personal_access_clients`
  MODIFY `id` int(10) UNSIGNED NOT NULL AUTO_INCREMENT, AUTO_INCREMENT=2;

--
-- AUTO_INCREMENT for table `products`
--
ALTER TABLE `products`
  MODIFY `id` int(10) UNSIGNED NOT NULL AUTO_INCREMENT, AUTO_INCREMENT=53;

--
-- AUTO_INCREMENT for table `reviews`
--
ALTER TABLE `reviews`
  MODIFY `id` int(10) UNSIGNED NOT NULL AUTO_INCREMENT, AUTO_INCREMENT=301;

--
-- AUTO_INCREMENT for table `users`
--
ALTER TABLE `users`
  MODIFY `id` int(10) UNSIGNED NOT NULL AUTO_INCREMENT, AUTO_INCREMENT=2;

--
-- Constraints for dumped tables
--

--
-- Constraints for table `reviews`
--
ALTER TABLE `reviews`
  ADD CONSTRAINT `reviews_product_id_foreign` FOREIGN KEY (`product_id`) REFERENCES `products` (`id`) ON DELETE CASCADE;
COMMIT;

/*!40101 SET CHARACTER_SET_CLIENT=@OLD_CHARACTER_SET_CLIENT */;
/*!40101 SET CHARACTER_SET_RESULTS=@OLD_CHARACTER_SET_RESULTS */;
/*!40101 SET COLLATION_CONNECTION=@OLD_COLLATION_CONNECTION */;
